label,source,source_index,split
classical,kiwujil,1,train
modern,tang_bennett,36,train
classical,kiwujil,2,train
modern,tang_bennett,41,train
classical,kiwujil,3,train
modern,tang_bennett,42,train
classical,kiwujil,4,test
modern,tang_bennett,43,test
classical,kiwujil,5,train
modern,tang_bennett,47,train
classical,kiwujil,6,test
modern,tang_bennett,57,test
classical,kiwujil,7,train
modern,tang_bennett,63,train
classical,kiwujil,8,train
modern,tang_bennett,74,train
classical,kiwujil,9,train
modern,tang_bennett,75,train
classical,kiwujil,10,train
modern,tang_bennett,82,train
classical,kiwujil,11,train
modern,tang_bennett,96,train
classical,kiwujil,12,train
modern,tang_bennett,105,train
classical,kiwujil,13,test
modern,tang_bennett,110,test
classical,kiwujil,14,train
modern,tang_bennett,153,train
classical,kiwujil,15,test
modern,tang_bennett,173,test
classical,kiwujil,16,train
modern,tang_bennett,175,train
classical,kiwujil,17,test
modern,tang_bennett,189,test
classical,kiwujil,18,train
modern,tang_bennett,202,train
classical,kiwujil,19,test
modern,tang_bennett,215,test
classical,kiwujil,20,train
modern,tang_bennett,216,train
classical,kiwujil,21,test
modern,tang_bennett,220,test
classical,kiwujil,22,train
modern,tang_bennett,222,train
classical,kiwujil,23,test
modern,tang_bennett,234,test
classical,kiwujil,24,train
modern,tang_bennett,244,train
classical,kiwujil,25,train
modern,tang_bennett,245,train
classical,kiwujil,26,train
modern,tang_bennett,246,train
classical,kiwujil,27,test
modern,tang_bennett,247,test
classical,kiwujil,28,train
modern,tang_bennett,249,train
classical,kiwujil,29,test
modern,tang_bennett,253,test
classical,kiwujil,30,train
modern,tang_bennett,263,train
classical,kiwujil,31,train
modern,tang_bennett,265,train
classical,kiwujil,32,test
modern,tang_bennett,277,test
classical,kiwujil,33,test
modern,tang_bennett,281,test
classical,kiwujil,34,train
modern,tang_bennett,286,train
classical,kiwujil,35,train
modern,tang_bennett,303,train
classical,kiwujil,36,train
modern,tang_bennett,342,train
classical,kiwujil,37,train
modern,tang_bennett,357,train
classical,kiwujil,38,train
modern,tang_bennett,379,train
classical,kiwujil,39,train
modern,tang_bennett,425,train
classical,kiwujil,40,train
modern,tang_bennett,461,train
classical,kiwujil,41,train
modern,tang_bennett,465,train
classical,kiwujil,42,test
modern,tang_bennett,472,test
classical,kiwujil,43,train
modern,tang_bennett,507,train
classical,kiwujil,44,train
modern,tang_bennett,508,train
classical,kiwujil,45,train
modern,tang_bennett,511,train
classical,kiwujil,46,train
modern,tang_bennett,523,train
classical,kiwujil,47,train
modern,tang_bennett,533,train
classical,kiwujil,48,train
modern,tang_bennett,552,train
classical,kiwujil,49,train
modern,tang_bennett,569,train
classical,kiwujil,50,train
modern,tang_bennett,589,train
classical,kiwujil,51,train
modern,tang_bennett,595,train
classical,kiwujil,52,train
modern,tang_bennett,607,train
classical,kiwujil,53,train
modern,tang_bennett,618,train
classical,kiwujil,54,train
modern,tang_bennett,619,train
classical,kiwujil,55,train
modern,tang_bennett,645,train
classical,kiwujil,56,train
modern,tang_bennett,647,train
classical,kiwujil,57,train
modern,tang_bennett,664,train
classical,kiwujil,58,train
modern,tang_bennett,667,train
classical,kiwujil,59,train
modern,tang_bennett,672,train
classical,kiwujil,60,train
modern,tang_bennett,679,train
classical,kiwujil,61,train
modern,tang_bennett,689,train
classical,kiwujil,62,train
modern,tang_bennett,690,train
classical,kiwujil,63,test
modern,tang_bennett,697,test
classical,kiwujil,64,train
modern,tang_bennett,704,train
classical,kiwujil,65,train
modern,tang_bennett,707,train
classical,kiwujil,66,train
modern,tang_bennett,720,train
classical,kiwujil,67,test
modern,tang_bennett,725,test
classical,kiwujil,68,train
modern,tang_bennett,734,train
classical,kiwujil,69,train
modern,tang_bennett,740,train
classical,kiwujil,70,train
modern,tang_bennett,741,train
classical,kiwujil,71,train
modern,tang_bennett,750,train
classical,kiwujil,72,train
modern,tang_bennett,783,train
classical,kiwujil,73,test
modern,tang_bennett,795,test
classical,kiwujil,74,train
modern,tang_bennett,818,train
classical,kiwujil,75,train
modern,tang_bennett,846,train
classical,kiwujil,76,test
modern,tang_bennett,856,test
classical,kiwujil,77,test
modern,tang_bennett,860,test
classical,kiwujil,78,train
modern,tang_bennett,862,train
classical,kiwujil,79,test
modern,tang_bennett,880,test
classical,kiwujil,80,train
modern,tang_bennett,883,train
classical,kiwujil,81,train
modern,tang_bennett,884,train
classical,kiwujil,82,train
modern,tang_bennett,904,train
classical,kiwujil,83,test
modern,tang_bennett,927,test
classical,kiwujil,84,train
modern,tang_bennett,937,train
classical,kiwujil,85,test
modern,tang_bennett,963,test
classical,kiwujil,86,train
modern,tang_bennett,972,train
classical,kiwujil,87,train
modern,tang_bennett,977,train
classical,kiwujil,88,train
modern,tang_bennett,984,train
classical,kiwujil,89,train
modern,tang_bennett,994,train
classical,kiwujil,90,train
modern,tang_bennett,1004,train
classical,kiwujil,91,train
modern,tang_bennett,1043,train
classical,kiwujil,92,train
modern,tang_bennett,1053,train
classical,kiwujil,93,train
modern,tang_bennett,1064,train
classical,kiwujil,94,train
modern,tang_bennett,1068,train
classical,kiwujil,95,train
modern,tang_bennett,1073,train
classical,kiwujil,96,train
modern,tang_bennett,1077,train
classical,kiwujil,97,train
modern,tang_bennett,1088,train
classical,kiwujil,98,train
modern,tang_bennett,1096,train
classical,kiwujil,99,train
modern,tang_bennett,1104,train
classical,kiwujil,100,train
modern,tang_bennett,1106,train
classical,kiwujil,101,train
modern,tang_bennett,1119,train
classical,kiwujil,102,train
modern,tang_bennett,1121,train
classical,kiwujil,103,train
modern,tang_bennett,1127,train
classical,kiwujil,104,train
modern,tang_bennett,1140,train
classical,kiwujil,105,train
modern,tang_bennett,1178,train
classical,kiwujil,106,test
modern,tang_bennett,1186,test
classical,kiwujil,107,test
modern,tang_bennett,1202,test
classical,kiwujil,108,train
modern,tang_bennett,1249,train
classical,kiwujil,109,train
modern,tang_bennett,1277,train
classical,kiwujil,110,test
modern,tang_bennett,1278,test
classical,kiwujil,111,test
modern,tang_bennett,1280,test
classical,kiwujil,112,train
modern,tang_bennett,1282,train
classical,kiwujil,113,test
modern,tang_bennett,1287,test
classical,kiwujil,114,test
modern,tang_bennett,1337,test
classical,kiwujil,115,train
modern,tang_bennett,1353,train
classical,kiwujil,116,train
modern,tang_bennett,1370,train
classical,kiwujil,117,train
modern,tang_bennett,1380,train
classical,kiwujil,118,train
modern,tang_bennett,1389,train
classical,kiwujil,119,train
modern,tang_bennett,1393,train
classical,kiwujil,120,test
modern,tang_bennett,1398,test
classical,kiwujil,121,train
modern,tang_bennett,1413,train
classical,kiwujil,122,train
modern,tang_bennett,1431,train
classical,kiwujil,123,train
modern,tang_bennett,1447,train
classical,kiwujil,124,test
modern,tang_bennett,1456,test
classical,kiwujil,125,train
modern,tang_bennett,1458,train
classical,kiwujil,126,test
modern,tang_bennett,1463,test
classical,kiwujil,127,train
modern,tang_bennett,1467,train
classical,kiwujil,128,train
modern,tang_bennett,1468,train
classical,kiwujil,129,test
modern,tang_bennett,1471,test
classical,kiwujil,130,train
modern,tang_bennett,1476,train
classical,kiwujil,131,train
modern,tang_bennett,1481,train
classical,kiwujil,132,train
modern,tang_bennett,1494,train
classical,kiwujil,133,train
modern,tang_bennett,1507,train
classical,kiwujil,134,train
modern,tang_bennett,1528,train
classical,kiwujil,135,train
modern,tang_bennett,1543,train
classical,kiwujil,136,train
modern,tang_bennett,1553,train
classical,kiwujil,137,train
modern,tang_bennett,1554,train
classical,kiwujil,138,train
modern,tang_bennett,1566,train
classical,kiwujil,139,test
modern,tang_bennett,1582,test
classical,kiwujil,140,train
modern,tang_bennett,1593,train
classical,kiwujil,141,train
modern,tang_bennett,1595,train
classical,kiwujil,142,train
modern,tang_bennett,1600,train
classical,kiwujil,143,test
modern,tang_bennett,1606,test
classical,kiwujil,144,train
modern,tang_bennett,1633,train
classical,kiwujil,145,train
modern,tang_bennett,1635,train
classical,kiwujil,146,train
modern,tang_bennett,1637,train
classical,kiwujil,147,train
modern,tang_bennett,1640,train
classical,kiwujil,148,train
modern,tang_bennett,1661,train
classical,kiwujil,149,train
modern,tang_bennett,1665,train
classical,kiwujil,150,train
modern,tang_bennett,1667,train
classical,kiwujil,151,train
modern,tang_bennett,1709,train
classical,kiwujil,152,train
modern,tang_bennett,1744,train
classical,kiwujil,153,train
modern,tang_bennett,1753,train
classical,kiwujil,154,train
modern,tang_bennett,1782,train
classical,kiwujil,155,train
modern,tang_bennett,1790,train
classical,kiwujil,156,train
modern,tang_bennett,1815,train
classical,kiwujil,157,test
modern,tang_bennett,1861,test
classical,kiwujil,158,train
modern,tang_bennett,1871,train
classical,kiwujil,159,train
modern,tang_bennett,1876,train
classical,kiwujil,160,train
modern,tang_bennett,1888,train
classical,kiwujil,161,train
modern,tang_bennett,1894,train
classical,kiwujil,162,train
modern,tang_bennett,1895,train
classical,kiwujil,163,train
modern,tang_bennett,1900,train
classical,kiwujil,164,train
modern,tang_bennett,1910,train
classical,kiwujil,165,train
modern,tang_bennett,1913,train
classical,kiwujil,166,test
modern,tang_bennett,1930,test
classical,kiwujil,167,train
modern,tang_bennett,1936,train
classical,kiwujil,168,train
modern,tang_bennett,1946,train
classical,kiwujil,169,train
modern,tang_bennett,1966,train
classical,kiwujil,170,test
modern,tang_bennett,1968,test
classical,kiwujil,171,train
modern,tang_bennett,1983,train
classical,kiwujil,172,test
modern,tang_bennett,1988,test
classical,kiwujil,173,train
modern,tang_bennett,1996,train
classical,kiwujil,174,train
modern,tang_bennett,2021,train
classical,kiwujil,175,test
modern,tang_bennett,2031,test
classical,kiwujil,176,train
modern,tang_bennett,2056,train
classical,kiwujil,177,train
modern,tang_bennett,2058,train
classical,kiwujil,178,train
modern,tang_bennett,2069,train
classical,kiwujil,179,train
modern,tang_bennett,2083,train
classical,kiwujil,180,train
modern,tang_bennett,2091,train
classical,kiwujil,181,train
modern,tang_bennett,2095,train
classical,kiwujil,182,test
modern,tang_bennett,2097,test
classical,kiwujil,183,test
modern,tang_bennett,2104,test
classical,kiwujil,184,train
modern,tang_bennett,2123,train
classical,kiwujil,185,train
modern,tang_bennett,2128,train
classical,kiwujil,186,train
modern,tang_bennett,2147,train
classical,kiwujil,187,train
modern,tang_bennett,2155,train
classical,kiwujil,188,train
modern,tang_bennett,2163,train
classical,kiwujil,189,train
modern,tang_bennett,2167,train
classical,kiwujil,190,test
modern,tang_bennett,2201,test
classical,kiwujil,191,train
modern,tang_bennett,2261,train
classical,kiwujil,192,train
modern,tang_bennett,2264,train
classical,kiwujil,193,train
modern,tang_bennett,2284,train
classical,kiwujil,194,train
modern,tang_bennett,2298,train
classical,kiwujil,195,test
modern,tang_bennett,2310,test
classical,kiwujil,196,train
modern,tang_bennett,2321,train
classical,kiwujil,197,train
modern,tang_bennett,2327,train
classical,kiwujil,198,train
modern,tang_bennett,2329,train
classical,kiwujil,199,train
modern,tang_bennett,2337,train
classical,kiwujil,200,train
modern,tang_bennett,2341,train
classical,kiwujil,201,train
modern,tang_bennett,2343,train
classical,kiwujil,202,train
modern,tang_bennett,2353,train
classical,kiwujil,203,train
modern,tang_bennett,2355,train
classical,kiwujil,204,train
modern,tang_bennett,2359,train
classical,kiwujil,205,train
modern,tang_bennett,2367,train
classical,kiwujil,206,train
modern,tang_bennett,2375,train
classical,kiwujil,207,train
modern,tang_bennett,2377,train
classical,kiwujil,208,test
modern,tang_bennett,2401,test
classical,kiwujil,209,train
modern,tang_bennett,2411,train
classical,kiwujil,210,train
modern,tang_bennett,2415,train
classical,kiwujil,211,train
modern,tang_bennett,2446,train
classical,kiwujil,212,test
modern,tang_bennett,2448,test
classical,kiwujil,213,train
modern,tang_bennett,2455,train
classical,kiwujil,214,train
modern,tang_bennett,2457,train
classical,kiwujil,215,train
modern,tang_bennett,2473,train
classical,kiwujil,216,test
modern,tang_bennett,2509,test
classical,kiwujil,217,train
modern,tang_bennett,2517,train
classical,kiwujil,218,train
modern,tang_bennett,2522,train
classical,kiwujil,219,train
modern,tang_bennett,2524,train
classical,kiwujil,220,train
modern,tang_bennett,2543,train
classical,kiwujil,221,train
modern,tang_bennett,2547,train
classical,kiwujil,222,train
modern,tang_bennett,2587,train
classical,kiwujil,223,train
modern,tang_bennett,2610,train
classical,kiwujil,224,train
modern,tang_bennett,2616,train
classical,kiwujil,225,train
modern,tang_bennett,2618,train
classical,kiwujil,226,train
modern,tang_bennett,2642,train
classical,kiwujil,227,train
modern,tang_bennett,2644,train
classical,kiwujil,228,train
modern,tang_bennett,2649,train
classical,kiwujil,229,train
modern,tang_bennett,2676,train
classical,kiwujil,230,train
modern,tang_bennett,2680,train
classical,kiwujil,231,train
modern,tang_bennett,2708,train
classical,kiwujil,232,train
modern,tang_bennett,2709,train
classical,kiwujil,233,train
modern,tang_bennett,2719,train
classical,kiwujil,234,train
modern,tang_bennett,2736,train
classical,kiwujil,235,test
modern,tang_bennett,2758,test
classical,kiwujil,236,test
modern,tang_bennett,2760,test
classical,kiwujil,237,train
modern,tang_bennett,2762,train
classical,kiwujil,238,train
modern,tang_bennett,2770,train
classical,kiwujil,239,test
modern,tang_bennett,2782,test
classical,kiwujil,240,train
modern,tang_bennett,2790,train
classical,kiwujil,241,train
modern,tang_bennett,2795,train
classical,kiwujil,242,train
modern,tang_bennett,2801,train
classical,kiwujil,243,train
modern,tang_bennett,2818,train
classical,kiwujil,244,test
modern,tang_bennett,2846,test
classical,kiwujil,245,train
modern,tang_bennett,2850,train
classical,kiwujil,246,train
modern,tang_bennett,2864,train
classical,kiwujil,247,train
modern,tang_bennett,2873,train
classical,kiwujil,248,train
modern,tang_bennett,2883,train
classical,kiwujil,249,test
modern,tang_bennett,2892,test
classical,kiwujil,250,test
modern,tang_bennett,2912,test
classical,kiwujil,251,train
modern,tang_bennett,2918,train
classical,kiwujil,252,train
modern,tang_bennett,2923,train
classical,kiwujil,253,train
modern,tang_bennett,2953,train
classical,kiwujil,254,train
modern,tang_bennett,2957,train
classical,kiwujil,255,train
modern,tang_bennett,2967,train
classical,kiwujil,256,train
modern,tang_bennett,2976,train
classical,kiwujil,257,train
modern,tang_bennett,2983,train
classical,kiwujil,258,train
modern,tang_bennett,3004,train
classical,kiwujil,259,train
modern,tang_bennett,3014,train
classical,kiwujil,260,train
modern,tang_bennett,3030,train
classical,kiwujil,261,train
modern,tang_bennett,3077,train
classical,kiwujil,262,train
modern,tang_bennett,3085,train
classical,kiwujil,263,train
modern,tang_bennett,3092,train
classical,kiwujil,264,train
modern,tang_bennett,3132,train
classical,kiwujil,265,test
modern,tang_bennett,3161,test
classical,kiwujil,266,test
modern,tang_bennett,3175,test
classical,kiwujil,267,train
modern,tang_bennett,3183,train
classical,kiwujil,268,train
modern,tang_bennett,3185,train
classical,kiwujil,269,train
modern,tang_bennett,3190,train
classical,kiwujil,270,train
modern,tang_bennett,3191,train
classical,kiwujil,271,train
modern,tang_bennett,3204,train
classical,kiwujil,272,train
modern,tang_bennett,3214,train
classical,kiwujil,273,train
modern,tang_bennett,3223,train
classical,kiwujil,274,train
modern,tang_bennett,3234,train
classical,kiwujil,275,train
modern,tang_bennett,3236,train
classical,kiwujil,276,test
modern,tang_bennett,3255,test
classical,kiwujil,277,train
modern,tang_bennett,3270,train
classical,kiwujil,278,train
modern,tang_bennett,3281,train
classical,kiwujil,279,train
modern,tang_bennett,3301,train
classical,kiwujil,280,train
modern,tang_bennett,3307,train
classical,kiwujil,281,train
modern,tang_bennett,3318,train
classical,kiwujil,282,train
modern,tang_bennett,3327,train
classical,kiwujil,283,test
modern,tang_bennett,3354,test
classical,kiwujil,284,train
modern,tang_bennett,3358,train
classical,kiwujil,285,train
modern,tang_bennett,3372,train
classical,kiwujil,286,train
modern,tang_bennett,3384,train
classical,kiwujil,287,train
modern,tang_bennett,3409,train
classical,kiwujil,288,test
modern,tang_bennett,3433,test
classical,kiwujil,289,train
modern,tang_bennett,3434,train
classical,kiwujil,290,train
modern,tang_bennett,3440,train
classical,kiwujil,291,test
modern,tang_bennett,3441,test
classical,kiwujil,292,test
modern,tang_bennett,3444,test
classical,kiwujil,293,train
modern,tang_bennett,3449,train
classical,kiwujil,294,train
modern,tang_bennett,3453,train
classical,kiwujil,295,train
modern,tang_bennett,3463,train
classical,kiwujil,296,train
modern,tang_bennett,3505,train
classical,kiwujil,297,train
modern,tang_bennett,3507,train
classical,kiwujil,298,train
modern,tang_bennett,3552,train
classical,kiwujil,299,train
modern,tang_bennett,3575,train
classical,kiwujil,300,train
modern,tang_bennett,3587,train
classical,kiwujil,301,train
modern,tang_bennett,3588,train
classical,kiwujil,302,test
modern,tang_bennett,3595,test
classical,kiwujil,303,train
modern,tang_bennett,3603,train
classical,kiwujil,304,train
modern,tang_bennett,3621,train
classical,kiwujil,305,train
modern,tang_bennett,3631,train
classical,kiwujil,306,train
modern,tang_bennett,3635,train
classical,kiwujil,307,train
modern,tang_bennett,3647,train
classical,kiwujil,308,train
modern,tang_bennett,3651,train
classical,kiwujil,309,train
modern,tang_bennett,3660,train
classical,kiwujil,310,train
modern,tang_bennett,3668,train
classical,kiwujil,311,train
modern,tang_bennett,3673,train
classical,kiwujil,312,test
modern,tang_bennett,3675,test
classical,kiwujil,313,train
modern,tang_bennett,3684,train
classical,kiwujil,314,train
modern,tang_bennett,3689,train
classical,kiwujil,315,train
modern,tang_bennett,3691,train
classical,kiwujil,316,train
modern,tang_bennett,3701,train
classical,kiwujil,317,train
modern,tang_bennett,3705,train
classical,kiwujil,318,train
modern,tang_bennett,3712,train
classical,kiwujil,319,train
modern,tang_bennett,3723,train
classical,kiwujil,320,test
modern,tang_bennett,3726,test
classical,kiwujil,321,test
modern,tang_bennett,3729,test
classical,kiwujil,322,train
modern,tang_bennett,3731,train
classical,kiwujil,323,train
modern,tang_bennett,3733,train
classical,kiwujil,324,test
modern,tang_bennett,3747,test
classical,kiwujil,325,train
modern,tang_bennett,3749,train
classical,kiwujil,326,train
modern,tang_bennett,3751,train
classical,kiwujil,327,train
modern,tang_bennett,3755,train
classical,kiwujil,328,train
modern,tang_bennett,3762,train
classical,kiwujil,329,train
modern,tang_bennett,3769,train
classical,kiwujil,330,train
modern,tang_bennett,3772,train
classical,kiwujil,331,test
modern,tang_bennett,3802,test
classical,kiwujil,332,train
modern,tang_bennett,3817,train
classical,kiwujil,333,test
modern,tang_bennett,3818,test
classical,kiwujil,334,train
modern,tang_bennett,3821,train
classical,kiwujil,335,test
modern,tang_bennett,3828,test
classical,kiwujil,336,train
modern,tang_bennett,3829,train
classical,kiwujil,337,test
modern,tang_bennett,3834,test
classical,kiwujil,338,train
modern,tang_bennett,3843,train
classical,kiwujil,339,test
modern,tang_bennett,3846,test
classical,kiwujil,340,train
modern,tang_bennett,3851,train
classical,kiwujil,341,train
modern,tang_bennett,3872,train
classical,kiwujil,342,train
modern,tang_bennett,3882,train
classical,kiwujil,343,train
modern,tang_bennett,3922,train
classical,kiwujil,344,train
modern,tang_bennett,3935,train
classical,kiwujil,345,train
modern,tang_bennett,3936,train
classical,kiwujil,346,train
modern,tang_bennett,3946,train
classical,kiwujil,347,train
modern,tang_bennett,3973,train
classical,kiwujil,348,train
modern,tang_bennett,3991,train
classical,kiwujil,349,test
modern,tang_bennett,4014,test
classical,kiwujil,350,test
modern,tang_bennett,4021,test
classical,kiwujil,351,train
modern,tang_bennett,4034,train
classical,kiwujil,352,test
modern,tang_bennett,4069,test
classical,kiwujil,353,train
modern,tang_bennett,4078,train
classical,kiwujil,354,train
modern,tang_bennett,4090,train
classical,kiwujil,355,train
modern,tang_bennett,4093,train
classical,kiwujil,356,test
modern,tang_bennett,4102,test
classical,kiwujil,357,test
modern,tang_bennett,4103,test
classical,kiwujil,358,train
modern,tang_bennett,4120,train
classical,kiwujil,359,train
modern,tang_bennett,4122,train
classical,kiwujil,360,train
modern,tang_bennett,4128,train
classical,kiwujil,361,train
modern,tang_bennett,4137,train
classical,kiwujil,362,train
modern,tang_bennett,4139,train
classical,kiwujil,363,train
modern,tang_bennett,4143,train
classical,kiwujil,364,train
modern,tang_bennett,4144,train
classical,kiwujil,365,train
modern,tang_bennett,4154,train
classical,kiwujil,366,train
modern,tang_bennett,4163,train
classical,kiwujil,367,train
modern,tang_bennett,4170,train
classical,kiwujil,368,train
modern,tang_bennett,4182,train
classical,kiwujil,369,train
modern,tang_bennett,4183,train
classical,kiwujil,370,test
modern,tang_bennett,4201,test
classical,kiwujil,371,train
modern,tang_bennett,4210,train
classical,kiwujil,372,train
modern,tang_bennett,4214,train
classical,kiwujil,373,train
modern,tang_bennett,4218,train
classical,kiwujil,374,train
modern,tang_bennett,4230,train
classical,kiwujil,375,train
modern,tang_bennett,4239,train
classical,kiwujil,376,train
modern,tang_bennett,4252,train
classical,kiwujil,377,train
modern,tang_bennett,4262,train
classical,kiwujil,378,train
modern,tang_bennett,4275,train
classical,kiwujil,379,train
modern,tang_bennett,4276,train
classical,kiwujil,380,train
modern,tang_bennett,4277,train
classical,kiwujil,381,test
modern,tang_bennett,4297,test
classical,kiwujil,382,train
modern,tang_bennett,4298,train
classical,kiwujil,383,train
modern,tang_bennett,4299,train
classical,kiwujil,384,test
modern,tang_bennett,4300,test
classical,kiwujil,385,train
modern,tang_bennett,4326,train
classical,kiwujil,386,test
modern,tang_bennett,4333,test
classical,kiwujil,387,train
modern,tang_bennett,4353,train
classical,kiwujil,388,train
modern,tang_bennett,4367,train
classical,kiwujil,389,train
modern,tang_bennett,4368,train
classical,kiwujil,390,train
modern,tang_bennett,4372,train
classical,kiwujil,391,test
modern,tang_bennett,4379,test
classical,kiwujil,392,train
modern,tang_bennett,4389,train
classical,kiwujil,393,train
modern,tang_bennett,4408,train
classical,kiwujil,394,train
modern,tang_bennett,4415,train
classical,kiwujil,395,train
modern,tang_bennett,4427,train
classical,kiwujil,396,train
modern,tang_bennett,4430,train
classical,kiwujil,397,train
modern,tang_bennett,4448,train
classical,kiwujil,398,train
modern,tang_bennett,4456,train
classical,kiwujil,399,train
modern,tang_bennett,4469,train
classical,kiwujil,400,train
modern,tang_bennett,4471,train
classical,kiwujil,401,train
modern,tang_bennett,4483,train
classical,kiwujil,402,train
modern,tang_bennett,4507,train
classical,kiwujil,403,train
modern,tang_bennett,4509,train
classical,kiwujil,404,train
modern,tang_bennett,4524,train
classical,kiwujil,405,train
modern,tang_bennett,4537,train
classical,kiwujil,406,test
modern,tang_bennett,4542,test
classical,kiwujil,407,train
modern,tang_bennett,4572,train
classical,kiwujil,408,train
modern,tang_bennett,4586,train
classical,kiwujil,409,test
modern,tang_bennett,4599,test
classical,kiwujil,410,train
modern,tang_bennett,4612,train
classical,kiwujil,411,train
modern,tang_bennett,4618,train
classical,kiwujil,412,train
modern,tang_bennett,4629,train
classical,kiwujil,413,train
modern,tang_bennett,4634,train
classical,kiwujil,414,train
modern,tang_bennett,4636,train
classical,kiwujil,415,train
modern,tang_bennett,4639,train
classical,kiwujil,416,train
modern,tang_bennett,4647,train
classical,kiwujil,417,test
modern,tang_bennett,4654,test
classical,kiwujil,418,test
modern,tang_bennett,4665,test
classical,kiwujil,419,train
modern,tang_bennett,4692,train
classical,kiwujil,420,train
modern,tang_bennett,4697,train
classical,kiwujil,421,train
modern,tang_bennett,4715,train
classical,kiwujil,422,train
modern,tang_bennett,4717,train
classical,kiwujil,423,train
modern,tang_bennett,4744,train
classical,kiwujil,424,train
modern,tang_bennett,4750,train
classical,kiwujil,425,train
modern,tang_bennett,4757,train
classical,kiwujil,426,train
modern,tang_bennett,4769,train
classical,kiwujil,427,train
modern,tang_bennett,4774,train
classical,kiwujil,428,train
modern,tang_bennett,4776,train
classical,kiwujil,429,train
modern,tang_bennett,4852,train
classical,kiwujil,430,train
modern,tang_bennett,4864,train
classical,kiwujil,431,train
modern,tang_bennett,4865,train
classical,kiwujil,432,train
modern,tang_bennett,4867,train
classical,kiwujil,433,train
modern,tang_bennett,4887,train
classical,kiwujil,434,test
modern,tang_bennett,4891,test
classical,kiwujil,435,test
modern,tang_bennett,4905,test
classical,kiwujil,436,train
modern,tang_bennett,4916,train
classical,kiwujil,437,test
modern,tang_bennett,4931,test
classical,kiwujil,438,train
modern,tang_bennett,4947,train
classical,kiwujil,439,test
modern,tang_bennett,4957,test
classical,kiwujil,440,train
modern,tang_bennett,4961,train
classical,kiwujil,441,test
modern,tang_bennett,4989,test
classical,kiwujil,442,train
modern,tang_bennett,4995,train
classical,kiwujil,443,train
modern,tang_bennett,5013,train
classical,kiwujil,444,train
modern,tang_bennett,5016,train
classical,kiwujil,445,train
modern,tang_bennett,5028,train
classical,kiwujil,446,train
modern,tang_bennett,5035,train
classical,kiwujil,447,train
modern,tang_bennett,5052,train
classical,kiwujil,448,train
modern,tang_bennett,5058,train
classical,kiwujil,449,test
modern,tang_bennett,5068,test
classical,kiwujil,450,train
modern,tang_bennett,5082,train
classical,kiwujil,451,train
modern,tang_bennett,5094,train
classical,kiwujil,452,train
modern,tang_bennett,5099,train
classical,kiwujil,453,train
modern,tang_bennett,5116,train
classical,kiwujil,454,train
modern,tang_bennett,5128,train
classical,kiwujil,455,train
modern,tang_bennett,5131,train
classical,kiwujil,456,train
modern,tang_bennett,5139,train
classical,kiwujil,457,train
modern,tang_bennett,5141,train
classical,kiwujil,458,test
modern,tang_bennett,5151,test
classical,kiwujil,459,test
modern,tang_bennett,5160,test
classical,kiwujil,460,train
modern,tang_bennett,5167,train
classical,kiwujil,461,train
modern,tang_bennett,5205,train
classical,kiwujil,462,train
modern,tang_bennett,5206,train
classical,kiwujil,463,train
modern,tang_bennett,5221,train
classical,kiwujil,464,train
modern,tang_bennett,5228,train
classical,kiwujil,465,train
modern,tang_bennett,5230,train
classical,kiwujil,466,train
modern,tang_bennett,5236,train
classical,kiwujil,467,train
modern,tang_bennett,5255,train
classical,kiwujil,468,train
modern,tang_bennett,5281,train
classical,kiwujil,469,train
modern,tang_bennett,5326,train
classical,kiwujil,470,train
modern,tang_bennett,5360,train
classical,kiwujil,471,train
modern,tang_bennett,5364,train
classical,kiwujil,472,train
modern,tang_bennett,5378,train
classical,kiwujil,473,train
modern,tang_bennett,5391,train
classical,kiwujil,474,train
modern,tang_bennett,5404,train
classical,kiwujil,475,train
modern,tang_bennett,5413,train
classical,kiwujil,476,train
modern,tang_bennett,5422,train
classical,kiwujil,477,test
modern,tang_bennett,5424,test
classical,kiwujil,478,train
modern,tang_bennett,5426,train
classical,kiwujil,479,train
modern,tang_bennett,5455,train
classical,kiwujil,480,test
modern,tang_bennett,5493,test
classical,kiwujil,481,train
modern,tang_bennett,5508,train
classical,kiwujil,482,train
modern,tang_bennett,5535,train
classical,kiwujil,483,train
modern,tang_bennett,5544,train
classical,kiwujil,484,train
modern,tang_bennett,5551,train
classical,kiwujil,485,train
modern,tang_bennett,5559,train
classical,kiwujil,486,train
modern,tang_bennett,5581,train
classical,kiwujil,487,train
modern,tang_bennett,5606,train
classical,kiwujil,488,train
modern,tang_bennett,5608,train
classical,kiwujil,489,train
modern,tang_bennett,5617,train
classical,kiwujil,490,train
modern,tang_bennett,5624,train
classical,kiwujil,491,train
modern,tang_bennett,5631,train
classical,kiwujil,492,train
modern,tang_bennett,5666,train
classical,kiwujil,493,train
modern,tang_bennett,5678,train
classical,kiwujil,494,test
modern,tang_bennett,5699,test
classical,kiwujil,495,train
modern,tang_bennett,5701,train
classical,kiwujil,496,train
modern,tang_bennett,5703,train
classical,kiwujil,497,train
modern,tang_bennett,5714,train
classical,kiwujil,498,train
modern,tang_bennett,5720,train
classical,kiwujil,499,train
modern,tang_bennett,5729,train
classical,kiwujil,500,train
modern,tang_bennett,5752,train
classical,kiwujil,501,train
modern,tang_bennett,5757,train
classical,kiwujil,502,train
modern,tang_bennett,5763,train
classical,kiwujil,503,train
modern,tang_bennett,5778,train
classical,kiwujil,504,train
modern,tang_bennett,5779,train
classical,kiwujil,505,train
modern,tang_bennett,5796,train
classical,kiwujil,506,train
modern,tang_bennett,5805,train
classical,kiwujil,507,test
modern,tang_bennett,5806,test
classical,kiwujil,508,train
modern,tang_bennett,5808,train
classical,kiwujil,509,train
modern,tang_bennett,5815,train
classical,kiwujil,510,train
modern,tang_bennett,5836,train
classical,kiwujil,511,train
modern,tang_bennett,5838,train
classical,kiwujil,512,test
modern,tang_bennett,5857,test
classical,kiwujil,513,train
modern,tang_bennett,5860,train
classical,kiwujil,514,train
modern,tang_bennett,5862,train
classical,kiwujil,515,train
modern,tang_bennett,5873,train
classical,kiwujil,516,test
modern,tang_bennett,5880,test
classical,kiwujil,517,train
modern,tang_bennett,5900,train
classical,kiwujil,518,train
modern,tang_bennett,5907,train
classical,kiwujil,519,train
modern,tang_bennett,5909,train
classical,kiwujil,520,test
modern,tang_bennett,5910,test
classical,kiwujil,521,train
modern,tang_bennett,5911,train
classical,kiwujil,522,train
modern,tang_bennett,5913,train
classical,kiwujil,523,train
modern,tang_bennett,5919,train
classical,kiwujil,524,train
modern,tang_bennett,5920,train
classical,kiwujil,525,train
modern,tang_bennett,5921,train
classical,kiwujil,526,train
modern,tang_bennett,5938,train
classical,kiwujil,527,train
modern,tang_bennett,5940,train
classical,kiwujil,528,train
modern,tang_bennett,5941,train
classical,kiwujil,529,train
modern,tang_bennett,5948,train
classical,kiwujil,530,train
modern,tang_bennett,5954,train
classical,kiwujil,531,train
modern,tang_bennett,5967,train
classical,kiwujil,532,train
modern,tang_bennett,5975,train
classical,kiwujil,533,train
modern,tang_bennett,5985,train
classical,kiwujil,534,test
modern,tang_bennett,5989,test
classical,kiwujil,535,train
modern,tang_bennett,5995,train
classical,kiwujil,536,train
modern,tang_bennett,6006,train
classical,kiwujil,537,train
modern,tang_bennett,6007,train
classical,kiwujil,538,train
modern,tang_bennett,6041,train
classical,kiwujil,539,train
modern,tang_bennett,6045,train
classical,kiwujil,540,train
modern,tang_bennett,6053,train
classical,kiwujil,541,train
modern,tang_bennett,6054,train
classical,kiwujil,542,train
modern,tang_bennett,6084,train
classical,kiwujil,543,train
modern,tang_bennett,6086,train
classical,kiwujil,544,train
modern,tang_bennett,6095,train
classical,kiwujil,545,train
modern,tang_bennett,6114,train
classical,kiwujil,546,train
modern,tang_bennett,6129,train
classical,kiwujil,547,train
modern,tang_bennett,6136,train
classical,kiwujil,548,train
modern,tang_bennett,6141,train
classical,kiwujil,549,train
modern,tang_bennett,6159,train
classical,kiwujil,550,train
modern,tang_bennett,6160,train
classical,kiwujil,551,train
modern,tang_bennett,6190,train
classical,kiwujil,552,train
modern,tang_bennett,6192,train
classical,kiwujil,553,train
modern,tang_bennett,6196,train
classical,kiwujil,554,train
modern,tang_bennett,6200,train
classical,kiwujil,555,train
modern,tang_bennett,6209,train
classical,kiwujil,556,train
modern,tang_bennett,6226,train
classical,kiwujil,557,train
modern,tang_bennett,6235,train
classical,kiwujil,558,train
modern,tang_bennett,6260,train
classical,kiwujil,559,train
modern,tang_bennett,6263,train
classical,kiwujil,560,train
modern,tang_bennett,6266,train
classical,kiwujil,561,train
modern,tang_bennett,6269,train
classical,kiwujil,562,train
modern,tang_bennett,6283,train
classical,kiwujil,563,train
modern,tang_bennett,6285,train
classical,kiwujil,564,train
modern,tang_bennett,6296,train
classical,kiwujil,565,train
modern,tang_bennett,6299,train
classical,kiwujil,566,train
modern,tang_bennett,6305,train
classical,kiwujil,567,train
modern,tang_bennett,6321,train
classical,kiwujil,568,test
modern,tang_bennett,6323,test
classical,kiwujil,569,train
modern,tang_bennett,6325,train
classical,kiwujil,570,train
modern,tang_bennett,6338,train
classical,kiwujil,571,train
modern,tang_bennett,6342,train
classical,kiwujil,572,train
modern,tang_bennett,6351,train
classical,kiwujil,573,train
modern,tang_bennett,6360,train
classical,kiwujil,574,train
modern,tang_bennett,6369,train
classical,kiwujil,575,train
modern,tang_bennett,6378,train
classical,kiwujil,576,train
modern,tang_bennett,6383,train
classical,kiwujil,577,test
modern,tang_bennett,6389,test
classical,kiwujil,578,train
modern,tang_bennett,6398,train
classical,kiwujil,579,train
modern,tang_bennett,6408,train
classical,kiwujil,580,train
modern,tang_bennett,6433,train
classical,kiwujil,581,test
modern,tang_bennett,6439,test
classical,kiwujil,582,train
modern,tang_bennett,6457,train
classical,kiwujil,583,train
modern,tang_bennett,6480,train
classical,kiwujil,584,test
modern,tang_bennett,6481,test
classical,kiwujil,585,test
modern,tang_bennett,6484,test
classical,kiwujil,586,test
modern,tang_bennett,6485,test
classical,kiwujil,587,train
modern,tang_bennett,6509,train
classical,kiwujil,588,test
modern,tang_bennett,6527,test
classical,kiwujil,589,train
modern,tang_bennett,6539,train
classical,kiwujil,590,train
modern,tang_bennett,6554,train
classical,kiwujil,591,train
modern,tang_bennett,6571,train
classical,kiwujil,592,train
modern,tang_bennett,6586,train
classical,kiwujil,593,train
modern,tang_bennett,6587,train
classical,kiwujil,594,train
modern,tang_bennett,6588,train
classical,kiwujil,595,train
modern,tang_bennett,6604,train
classical,kiwujil,596,train
modern,tang_bennett,6610,train
classical,kiwujil,597,train
modern,tang_bennett,6614,train
classical,kiwujil,598,train
modern,tang_bennett,6620,train
classical,kiwujil,599,train
modern,tang_bennett,6631,train
classical,kiwujil,600,train
modern,tang_bennett,6657,train
classical,kiwujil,601,test
modern,tang_bennett,6661,test
classical,kiwujil,602,train
modern,tang_bennett,6687,train
classical,kiwujil,603,train
modern,tang_bennett,6691,train
classical,kiwujil,604,train
modern,tang_bennett,6700,train
classical,kiwujil,605,train
modern,tang_bennett,6731,train
classical,kiwujil,606,train
modern,tang_bennett,6736,train
classical,kiwujil,607,test
modern,tang_bennett,6741,test
classical,kiwujil,608,train
modern,tang_bennett,6756,train
classical,kiwujil,609,train
modern,tang_bennett,6768,train
classical,kiwujil,610,train
modern,tang_bennett,6769,train
classical,kiwujil,611,test
modern,tang_bennett,6805,test
classical,kiwujil,612,test
modern,tang_bennett,6810,test
classical,kiwujil,613,train
modern,tang_bennett,6813,train
classical,kiwujil,614,train
modern,tang_bennett,6824,train
classical,kiwujil,615,train
modern,tang_bennett,6838,train
classical,kiwujil,616,train
modern,tang_bennett,6860,train
classical,kiwujil,617,train
modern,tang_bennett,6874,train
classical,kiwujil,618,train
modern,tang_bennett,6876,train
classical,kiwujil,619,train
modern,tang_bennett,6891,train
classical,kiwujil,620,test
modern,tang_bennett,6893,test
classical,kiwujil,621,train
modern,tang_bennett,6931,train
classical,kiwujil,622,train
modern,tang_bennett,6934,train
classical,kiwujil,623,train
modern,tang_bennett,6948,train
classical,kiwujil,624,train
modern,tang_bennett,6950,train
classical,kiwujil,625,train
modern,tang_bennett,6961,train
classical,kiwujil,626,train
modern,tang_bennett,6966,train
classical,kiwujil,627,train
modern,tang_bennett,6979,train
classical,kiwujil,628,test
modern,tang_bennett,6985,test
classical,kiwujil,629,train
modern,tang_bennett,6998,train
classical,kiwujil,630,train
modern,tang_bennett,7019,train
classical,kiwujil,631,train
modern,tang_bennett,7022,train
classical,kiwujil,632,train
modern,tang_bennett,7024,train
classical,kiwujil,633,train
modern,tang_bennett,7028,train
classical,kiwujil,634,train
modern,tang_bennett,7042,train
classical,kiwujil,635,train
modern,tang_bennett,7066,train
classical,kiwujil,636,train
modern,tang_bennett,7067,train
classical,kiwujil,637,train
modern,tang_bennett,7086,train
classical,kiwujil,638,train
modern,tang_bennett,7095,train
classical,kiwujil,639,test
modern,tang_bennett,7107,test
classical,kiwujil,640,test
modern,tang_bennett,7146,test
classical,kiwujil,641,train
modern,tang_bennett,7154,train
classical,kiwujil,642,train
modern,tang_bennett,7169,train
classical,kiwujil,643,train
modern,tang_bennett,7173,train
classical,kiwujil,644,train
modern,tang_bennett,7183,train
classical,kiwujil,645,train
modern,tang_bennett,7187,train
classical,kiwujil,646,test
modern,tang_bennett,7189,test
classical,kiwujil,647,train
modern,tang_bennett,7202,train
classical,kiwujil,648,train
modern,tang_bennett,7216,train
classical,kiwujil,649,train
modern,tang_bennett,7218,train
classical,kiwujil,650,test
modern,tang_bennett,7261,test
classical,kiwujil,651,train
modern,tang_bennett,7295,train
classical,kiwujil,652,test
modern,tang_bennett,7310,test
classical,kiwujil,653,train
modern,tang_bennett,7319,train
classical,kiwujil,654,train
modern,tang_bennett,7331,train
classical,kiwujil,655,train
modern,tang_bennett,7340,train
classical,kiwujil,656,test
modern,tang_bennett,7347,test
classical,kiwujil,657,train
modern,tang_bennett,7373,train
classical,kiwujil,658,train
modern,tang_bennett,7375,train
classical,kiwujil,659,test
modern,tang_bennett,7397,test
classical,kiwujil,660,train
modern,tang_bennett,7424,train
classical,kiwujil,661,test
modern,tang_bennett,7440,test
classical,kiwujil,662,train
modern,tang_bennett,7459,train
classical,kiwujil,663,train
modern,tang_bennett,7497,train
classical,kiwujil,664,train
modern,tang_bennett,7499,train
classical,kiwujil,665,train
modern,tang_bennett,7503,train
classical,kiwujil,666,train
modern,tang_bennett,7526,train
classical,kiwujil,667,test
modern,tang_bennett,7528,test
classical,kiwujil,668,train
modern,tang_bennett,7540,train
classical,kiwujil,669,train
modern,tang_bennett,7542,train
classical,kiwujil,670,train
modern,tang_bennett,7575,train
classical,kiwujil,671,test
modern,tang_bennett,7586,test
classical,kiwujil,672,train
modern,tang_bennett,7590,train
classical,kiwujil,673,test
modern,tang_bennett,7607,test
classical,kiwujil,674,train
modern,tang_bennett,7612,train
classical,kiwujil,675,test
modern,tang_bennett,7615,test
classical,kiwujil,676,train
modern,tang_bennett,7619,train
classical,kiwujil,677,train
modern,tang_bennett,7667,train
classical,kiwujil,678,test
modern,tang_bennett,7668,test
classical,kiwujil,679,train
modern,tang_bennett,7670,train
classical,kiwujil,680,test
modern,tang_bennett,7688,test
classical,kiwujil,681,test
modern,tang_bennett,7710,test
classical,kiwujil,682,train
modern,tang_bennett,7718,train
classical,kiwujil,683,train
modern,tang_bennett,7741,train
classical,kiwujil,684,train
modern,tang_bennett,7768,train
classical,kiwujil,685,train
modern,tang_bennett,7771,train
classical,kiwujil,686,train
modern,tang_bennett,7773,train
classical,kiwujil,687,train
modern,tang_bennett,7792,train
classical,kiwujil,688,train
modern,tang_bennett,7807,train
classical,kiwujil,689,test
modern,tang_bennett,7818,test
classical,kiwujil,690,train
modern,tang_bennett,7819,train
classical,kiwujil,691,train
modern,tang_bennett,7834,train
classical,kiwujil,692,train
modern,tang_bennett,7844,train
classical,kiwujil,693,train
modern,tang_bennett,7855,train
classical,kiwujil,694,test
modern,tang_bennett,7860,test
classical,kiwujil,695,test
modern,tang_bennett,7863,test
classical,kiwujil,696,train
modern,tang_bennett,7870,train
classical,kiwujil,697,train
modern,tang_bennett,7879,train
classical,kiwujil,698,train
modern,tang_bennett,7882,train
classical,kiwujil,699,train
modern,tang_bennett,7891,train
classical,kiwujil,700,test
modern,tang_bennett,7912,test
classical,kiwujil,701,train
modern,tang_bennett,7916,train
classical,kiwujil,702,train
modern,tang_bennett,7939,train
classical,kiwujil,703,train
modern,tang_bennett,7942,train
classical,kiwujil,704,train
modern,tang_bennett,7948,train
classical,kiwujil,705,train
modern,tang_bennett,7949,train
classical,kiwujil,706,train
modern,tang_bennett,7950,train
classical,kiwujil,707,train
modern,tang_bennett,7971,train
classical,kiwujil,708,test
modern,tang_bennett,7980,test
classical,kiwujil,709,test
modern,tang_bennett,7981,test
classical,kiwujil,710,test
modern,tang_bennett,7983,test
classical,kiwujil,711,train
modern,tang_bennett,7998,train
classical,kiwujil,712,train
modern,tang_bennett,8002,train
classical,kiwujil,713,train
modern,tang_bennett,8014,train
classical,kiwujil,714,test
modern,tang_bennett,8040,test
classical,kiwujil,715,train
modern,tang_bennett,8041,train
classical,kiwujil,716,train
modern,tang_bennett,8047,train
classical,kiwujil,717,test
modern,tang_bennett,8050,test
classical,kiwujil,718,train
modern,tang_bennett,8052,train
classical,kiwujil,719,test
modern,tang_bennett,8085,test
classical,kiwujil,720,train
modern,tang_bennett,8093,train
classical,kiwujil,721,test
modern,tang_bennett,8101,test
classical,kiwujil,722,train
modern,tang_bennett,8105,train
classical,kiwujil,723,test
modern,tang_bennett,8116,test
classical,kiwujil,724,train
modern,tang_bennett,8123,train
classical,kiwujil,725,train
modern,tang_bennett,8131,train
classical,kiwujil,726,train
modern,tang_bennett,8135,train
classical,kiwujil,727,train
modern,tang_bennett,8141,train
classical,kiwujil,728,test
modern,tang_bennett,8144,test
classical,kiwujil,729,train
modern,tang_bennett,8145,train
classical,kiwujil,730,train
modern,tang_bennett,8146,train
classical,kiwujil,731,train
modern,tang_bennett,8160,train
classical,kiwujil,732,train
modern,tang_bennett,8165,train
classical,kiwujil,733,train
modern,tang_bennett,8166,train
classical,kiwujil,734,test
modern,tang_bennett,8172,test
classical,kiwujil,735,train
modern,tang_bennett,8177,train
classical,kiwujil,736,test
modern,tang_bennett,8180,test
classical,kiwujil,737,train
modern,tang_bennett,8188,train
classical,kiwujil,738,train
modern,tang_bennett,8193,train
classical,kiwujil,739,train
modern,tang_bennett,8195,train
classical,kiwujil,740,train
modern,tang_bennett,8205,train
classical,kiwujil,741,train
modern,tang_bennett,8221,train
classical,kiwujil,742,train
modern,tang_bennett,8233,train
classical,kiwujil,743,test
modern,tang_bennett,8251,test
classical,kiwujil,744,train
modern,tang_bennett,8253,train
classical,kiwujil,745,train
modern,tang_bennett,8262,train
classical,kiwujil,746,train
modern,tang_bennett,8268,train
classical,kiwujil,747,train
modern,tang_bennett,8282,train
classical,kiwujil,748,train
modern,tang_bennett,8298,train
classical,kiwujil,749,train
modern,tang_bennett,8309,train
classical,kiwujil,750,train
modern,tang_bennett,8344,train
classical,kiwujil,751,train
modern,tang_bennett,8350,train
classical,kiwujil,752,test
modern,tang_bennett,8357,test
classical,kiwujil,753,test
modern,tang_bennett,8368,test
classical,kiwujil,754,train
modern,tang_bennett,8408,train
classical,kiwujil,755,train
modern,tang_bennett,8411,train
classical,kiwujil,756,train
modern,tang_bennett,8430,train
classical,kiwujil,757,train
modern,tang_bennett,8435,train
classical,kiwujil,758,train
modern,tang_bennett,8455,train
classical,kiwujil,759,train
modern,tang_bennett,8460,train
classical,kiwujil,760,train
modern,tang_bennett,8472,train
classical,kiwujil,761,train
modern,tang_bennett,8485,train
classical,kiwujil,762,test
modern,tang_bennett,8510,test
classical,kiwujil,763,train
modern,tang_bennett,8513,train
classical,kiwujil,764,train
modern,tang_bennett,8515,train
classical,kiwujil,765,train
modern,tang_bennett,8520,train
classical,kiwujil,766,train
modern,tang_bennett,8532,train
classical,kiwujil,767,train
modern,tang_bennett,8533,train
classical,kiwujil,768,train
modern,tang_bennett,8546,train
classical,kiwujil,769,train
modern,tang_bennett,8561,train
classical,kiwujil,770,train
modern,tang_bennett,8562,train
classical,kiwujil,771,train
modern,tang_bennett,8570,train
classical,kiwujil,772,train
modern,tang_bennett,8604,train
classical,kiwujil,773,test
modern,tang_bennett,8612,test
classical,kiwujil,774,train
modern,tang_bennett,8622,train
classical,kiwujil,775,train
modern,tang_bennett,8629,train
classical,kiwujil,776,train
modern,tang_bennett,8633,train
classical,kiwujil,777,test
modern,tang_bennett,8665,test
classical,kiwujil,778,train
modern,tang_bennett,8761,train
classical,kiwujil,779,train
modern,tang_bennett,8773,train
classical,kiwujil,780,train
modern,tang_bennett,8786,train
classical,kiwujil,781,test
modern,tang_bennett,8798,test
classical,kiwujil,782,train
modern,tang_bennett,8799,train
classical,kiwujil,783,train
modern,tang_bennett,8801,train
classical,kiwujil,784,train
modern,tang_bennett,8821,train
classical,kiwujil,785,test
modern,tang_bennett,8874,test
classical,kiwujil,786,train
modern,tang_bennett,8890,train
classical,kiwujil,787,test
modern,tang_bennett,8893,test
classical,kiwujil,788,train
modern,tang_bennett,8911,train
classical,kiwujil,789,train
modern,tang_bennett,8913,train
classical,kiwujil,790,test
modern,tang_bennett,8934,test
classical,kiwujil,791,train
modern,tang_bennett,8938,train
classical,kiwujil,792,train
modern,tang_bennett,8940,train
classical,kiwujil,793,test
modern,tang_bennett,8950,test
classical,kiwujil,794,train
modern,tang_bennett,8970,train
classical,kiwujil,795,test
modern,tang_bennett,8979,test
classical,kiwujil,796,train
modern,tang_bennett,8993,train
classical,kiwujil,797,train
modern,tang_bennett,8994,train
classical,kiwujil,798,train
modern,tang_bennett,9016,train
classical,kiwujil,799,test
modern,tang_bennett,9026,test
classical,kiwujil,800,train
modern,tang_bennett,9036,train
classical,kiwujil,801,train
modern,tang_bennett,9050,train
classical,kiwujil,802,test
modern,tang_bennett,9051,test
classical,kiwujil,803,train
modern,tang_bennett,9071,train
classical,kiwujil,804,train
modern,tang_bennett,9095,train
classical,kiwujil,805,train
modern,tang_bennett,9110,train
classical,kiwujil,806,train
modern,tang_bennett,9117,train
classical,kiwujil,807,test
modern,tang_bennett,9130,test
classical,kiwujil,808,train
modern,tang_bennett,9134,train
classical,kiwujil,809,train
modern,tang_bennett,9135,train
classical,kiwujil,810,test
modern,tang_bennett,9145,test
classical,kiwujil,811,train
modern,tang_bennett,9150,train
classical,kiwujil,812,train
modern,tang_bennett,9160,train
classical,kiwujil,813,train
modern,tang_bennett,9169,train
classical,kiwujil,814,train
modern,tang_bennett,9196,train
classical,kiwujil,815,train
modern,tang_bennett,9209,train
classical,kiwujil,816,train
modern,tang_bennett,9216,train
classical,kiwujil,817,train
modern,tang_bennett,9235,train
classical,kiwujil,818,train
modern,tang_bennett,9252,train
classical,kiwujil,819,train
modern,tang_bennett,9277,train
classical,kiwujil,820,train
modern,tang_bennett,9286,train
classical,kiwujil,821,train
modern,tang_bennett,9305,train
classical,kiwujil,822,train
modern,tang_bennett,9306,train
classical,kiwujil,823,train
modern,tang_bennett,9313,train
classical,kiwujil,824,train
modern,tang_bennett,9322,train
classical,kiwujil,825,train
modern,tang_bennett,9327,train
classical,kiwujil,826,train
modern,tang_bennett,9355,train
classical,kiwujil,827,train
modern,tang_bennett,9365,train
classical,kiwujil,828,train
modern,tang_bennett,9367,train
classical,kiwujil,829,train
modern,tang_bennett,9374,train
classical,kiwujil,830,train
modern,tang_bennett,9375,train
classical,kiwujil,831,train
modern,tang_bennett,9378,train
classical,kiwujil,832,train
modern,tang_bennett,9385,train
classical,kiwujil,833,train
modern,tang_bennett,9394,train
classical,kiwujil,834,train
modern,tang_bennett,9397,train
classical,kiwujil,835,test
modern,tang_bennett,9400,test
classical,kiwujil,836,train
modern,tang_bennett,9429,train
classical,kiwujil,837,train
modern,tang_bennett,9436,train
classical,kiwujil,838,train
modern,tang_bennett,9438,train
classical,kiwujil,839,train
modern,tang_bennett,9445,train
classical,kiwujil,840,train
modern,tang_bennett,9453,train
classical,kiwujil,841,train
modern,tang_bennett,9461,train
classical,kiwujil,842,train
modern,tang_bennett,9468,train
classical,kiwujil,843,train
modern,tang_bennett,9534,train
classical,kiwujil,844,train
modern,tang_bennett,9538,train
classical,kiwujil,845,train
modern,tang_bennett,9546,train
classical,kiwujil,846,train
modern,tang_bennett,9551,train
classical,kiwujil,847,train
modern,tang_bennett,9569,train
classical,kiwujil,848,train
modern,tang_bennett,9573,train
classical,kiwujil,849,test
modern,tang_bennett,9580,test
classical,kiwujil,850,train
modern,tang_bennett,9594,train
classical,kiwujil,851,test
modern,tang_bennett,9606,test
classical,kiwujil,852,train
modern,tang_bennett,9608,train
classical,kiwujil,853,train
modern,tang_bennett,9612,train
classical,kiwujil,854,train
modern,tang_bennett,9652,train
classical,kiwujil,855,train
modern,tang_bennett,9659,train
classical,kiwujil,856,train
modern,tang_bennett,9694,train
classical,kiwujil,857,train
modern,tang_bennett,9705,train
classical,kiwujil,858,train
modern,tang_bennett,9714,train
classical,kiwujil,859,train
modern,tang_bennett,9721,train
classical,kiwujil,860,train
modern,tang_bennett,9729,train
classical,kiwujil,861,test
modern,tang_bennett,9739,test
classical,kiwujil,862,train
modern,tang_bennett,9744,train
classical,kiwujil,863,train
modern,tang_bennett,9745,train
classical,kiwujil,864,test
modern,tang_bennett,9751,test
classical,kiwujil,865,train
modern,tang_bennett,9785,train
classical,kiwujil,866,train
modern,tang_bennett,9800,train
classical,kiwujil,867,train
modern,tang_bennett,9811,train
classical,kiwujil,868,train
modern,tang_bennett,9815,train
classical,kiwujil,869,train
modern,tang_bennett,9820,train
classical,kiwujil,870,train
modern,tang_bennett,9826,train
classical,kiwujil,871,test
modern,tang_bennett,9832,test
classical,kiwujil,872,test
modern,tang_bennett,9834,test
classical,kiwujil,873,train
modern,tang_bennett,9836,train
classical,kiwujil,874,train
modern,tang_bennett,9855,train
classical,kiwujil,875,train
modern,tang_bennett,9856,train
classical,kiwujil,876,train
modern,tang_bennett,9860,train
classical,kiwujil,877,train
modern,tang_bennett,9902,train
classical,kiwujil,878,train
modern,tang_bennett,9906,train
classical,kiwujil,879,train
modern,tang_bennett,9929,train
classical,kiwujil,880,train
modern,tang_bennett,9930,train
classical,kiwujil,881,train
modern,tang_bennett,9938,train
classical,kiwujil,882,train
modern,tang_bennett,9949,train
classical,kiwujil,883,train
modern,tang_bennett,9951,train
classical,kiwujil,884,train
modern,tang_bennett,9953,train
classical,kiwujil,885,train
modern,tang_bennett,9964,train
classical,kiwujil,886,train
modern,tang_bennett,9966,train
classical,kiwujil,887,train
modern,tang_bennett,9968,train
classical,kiwujil,888,train
modern,tang_bennett,9972,train
classical,kiwujil,889,test
modern,tang_bennett,9993,test
classical,kiwujil,890,train
modern,tang_bennett,9996,train
classical,kiwujil,891,test
modern,tang_bennett,10013,test
classical,kiwujil,892,train
modern,tang_bennett,10033,train
classical,kiwujil,893,train
modern,tang_bennett,10040,train
classical,kiwujil,894,train
modern,tang_bennett,10053,train
classical,kiwujil,895,train
modern,tang_bennett,10054,train
classical,kiwujil,896,train
modern,tang_bennett,10060,train
classical,kiwujil,897,test
modern,tang_bennett,10079,test
classical,kiwujil,898,train
modern,tang_bennett,10080,train
classical,kiwujil,899,train
modern,tang_bennett,10082,train
classical,kiwujil,900,train
modern,tang_bennett,10089,train
classical,kiwujil,901,test
modern,tang_bennett,10094,test
classical,kiwujil,902,train
modern,tang_bennett,10104,train
classical,kiwujil,903,train
modern,tang_bennett,10108,train
classical,kiwujil,904,test
modern,tang_bennett,10119,test
classical,kiwujil,905,train
modern,tang_bennett,10121,train
classical,kiwujil,906,train
modern,tang_bennett,10122,train
classical,kiwujil,907,test
modern,tang_bennett,10130,test
classical,kiwujil,908,train
modern,tang_bennett,10136,train
classical,kiwujil,909,train
modern,tang_bennett,10143,train
classical,kiwujil,910,train
modern,tang_bennett,10174,train
classical,kiwujil,911,train
modern,tang_bennett,10187,train
classical,kiwujil,912,train
modern,tang_bennett,10200,train
classical,kiwujil,913,train
modern,tang_bennett,10207,train
classical,kiwujil,914,train
modern,tang_bennett,10231,train
classical,kiwujil,915,train
modern,tang_bennett,10245,train
classical,kiwujil,916,train
modern,tang_bennett,10256,train
classical,kiwujil,917,train
modern,tang_bennett,10271,train
classical,kiwujil,918,test
modern,tang_bennett,10284,test
classical,kiwujil,919,train
modern,tang_bennett,10302,train
classical,kiwujil,920,test
modern,tang_bennett,10314,test
classical,kiwujil,921,test
modern,tang_bennett,10316,test
classical,kiwujil,922,test
modern,tang_bennett,10321,test
classical,kiwujil,923,train
modern,tang_bennett,10324,train
classical,kiwujil,924,train
modern,tang_bennett,10326,train
classical,kiwujil,925,train
modern,tang_bennett,10330,train
classical,kiwujil,926,test
modern,tang_bennett,10348,test
classical,kiwujil,927,train
modern,tang_bennett,10359,train
classical,kiwujil,928,test
modern,tang_bennett,10385,test
classical,kiwujil,929,train
modern,tang_bennett,10388,train
classical,kiwujil,930,train
modern,tang_bennett,10391,train
classical,kiwujil,931,test
modern,tang_bennett,10396,test
classical,kiwujil,932,train
modern,tang_bennett,10401,train
classical,kiwujil,933,train
modern,tang_bennett,10432,train
classical,kiwujil,934,train
modern,tang_bennett,10462,train
classical,kiwujil,935,train
modern,tang_bennett,10471,train
classical,kiwujil,936,train
modern,tang_bennett,10481,train
classical,kiwujil,937,train
modern,tang_bennett,10486,train
classical,kiwujil,938,train
modern,tang_bennett,10511,train
classical,kiwujil,939,train
modern,tang_bennett,10516,train
classical,kiwujil,940,train
modern,tang_bennett,10521,train
classical,kiwujil,941,train
modern,tang_bennett,10544,train
classical,kiwujil,942,train
modern,tang_bennett,10553,train
classical,kiwujil,943,test
modern,tang_bennett,10575,test
classical,kiwujil,944,train
modern,tang_bennett,10585,train
classical,kiwujil,945,test
modern,tang_bennett,10593,test
classical,kiwujil,946,train
modern,tang_bennett,10603,train
classical,kiwujil,947,train
modern,tang_bennett,10623,train
classical,kiwujil,948,train
modern,tang_bennett,10627,train
classical,kiwujil,949,train
modern,tang_bennett,10631,train
classical,kiwujil,950,train
modern,tang_bennett,10643,train
classical,kiwujil,951,train
modern,tang_bennett,10656,train
classical,kiwujil,952,test
modern,tang_bennett,10657,test
classical,kiwujil,953,train
modern,tang_bennett,10680,train
classical,kiwujil,954,train
modern,tang_bennett,10681,train
classical,kiwujil,955,train
modern,tang_bennett,10696,train
classical,kiwujil,956,train
modern,tang_bennett,10705,train
classical,kiwujil,957,test
modern,tang_bennett,10713,test
classical,kiwujil,958,train
modern,tang_bennett,10730,train
classical,kiwujil,959,train
modern,tang_bennett,10735,train
classical,kiwujil,960,test
modern,tang_bennett,10750,test
classical,kiwujil,961,train
modern,tang_bennett,10751,train
classical,kiwujil,962,train
modern,tang_bennett,10761,train
classical,kiwujil,963,train
modern,tang_bennett,10791,train
classical,kiwujil,964,train
modern,tang_bennett,10794,train
classical,kiwujil,965,train
modern,tang_bennett,10795,train
classical,kiwujil,966,test
modern,tang_bennett,10826,test
classical,kiwujil,967,train
modern,tang_bennett,10829,train
classical,kiwujil,968,test
modern,tang_bennett,10832,test
classical,kiwujil,969,train
modern,tang_bennett,10833,train
classical,kiwujil,970,train
modern,tang_bennett,10835,train
classical,kiwujil,971,test
modern,tang_bennett,10837,test
classical,kiwujil,972,train
modern,tang_bennett,10862,train
classical,kiwujil,973,train
modern,tang_bennett,10864,train
classical,kiwujil,974,train
modern,tang_bennett,10879,train
classical,kiwujil,975,train
modern,tang_bennett,10886,train
classical,kiwujil,976,train
modern,tang_bennett,10891,train
classical,kiwujil,977,train
modern,tang_bennett,10903,train
classical,kiwujil,978,train
modern,tang_bennett,10922,train
classical,kiwujil,979,test
modern,tang_bennett,10935,test
classical,kiwujil,980,train
modern,tang_bennett,10939,train
classical,kiwujil,981,train
modern,tang_bennett,10955,train
classical,kiwujil,982,train
modern,tang_bennett,10961,train
classical,kiwujil,983,test
modern,tang_bennett,10965,test
classical,kiwujil,984,train
modern,tang_bennett,10974,train
classical,kiwujil,985,test
modern,tang_bennett,11010,test
classical,kiwujil,986,train
modern,tang_bennett,11021,train
classical,kiwujil,987,train
modern,tang_bennett,11049,train
classical,kiwujil,988,train
modern,tang_bennett,11055,train
classical,kiwujil,989,train
modern,tang_bennett,11064,train
classical,kiwujil,990,train
modern,tang_bennett,11103,train
classical,kiwujil,991,train
modern,tang_bennett,11118,train
classical,kiwujil,992,train
modern,tang_bennett,11127,train
classical,kiwujil,993,train
modern,tang_bennett,11132,train
classical,kiwujil,994,train
modern,tang_bennett,11146,train
classical,kiwujil,995,train
modern,tang_bennett,11162,train
classical,kiwujil,996,train
modern,tang_bennett,11173,train
classical,kiwujil,997,train
modern,tang_bennett,11177,train
classical,kiwujil,998,train
modern,tang_bennett,11203,train
classical,kiwujil,999,train
modern,tang_bennett,11208,train
classical,kiwujil,1000,train
modern,tang_bennett,11217,train
classical,kiwujil,1001,train
modern,tang_bennett,11225,train
classical,kiwujil,1002,train
modern,tang_bennett,11227,train
classical,kiwujil,1003,train
modern,tang_bennett,11228,train
classical,kiwujil,1004,train
modern,tang_bennett,11235,train
classical,kiwujil,1005,train
modern,tang_bennett,11243,train
classical,kiwujil,1006,test
modern,tang_bennett,11276,test
classical,kiwujil,1007,train
modern,tang_bennett,11279,train
classical,kiwujil,1008,train
modern,tang_bennett,11280,train
classical,kiwujil,1009,train
modern,tang_bennett,11301,train
classical,kiwujil,1010,train
modern,tang_bennett,11304,train
classical,kiwujil,1011,train
modern,tang_bennett,11306,train
classical,kiwujil,1012,train
modern,tang_bennett,11308,train
classical,kiwujil,1013,test
modern,tang_bennett,11324,test
classical,kiwujil,1014,train
modern,tang_bennett,11335,train
classical,kiwujil,1015,train
modern,tang_bennett,11361,train
classical,kiwujil,1016,test
modern,tang_bennett,11363,test
classical,kiwujil,1017,test
modern,tang_bennett,11368,test
classical,kiwujil,1018,train
modern,tang_bennett,11389,train
classical,kiwujil,1019,train
modern,tang_bennett,11412,train
classical,kiwujil,1020,train
modern,tang_bennett,11425,train
classical,kiwujil,1021,train
modern,tang_bennett,11448,train
classical,kiwujil,1022,train
modern,tang_bennett,11452,train
classical,kiwujil,1023,train
modern,tang_bennett,11455,train
classical,kiwujil,1024,train
modern,tang_bennett,11466,train
classical,kiwujil,1025,train
modern,tang_bennett,11475,train
classical,kiwujil,1026,train
modern,tang_bennett,11479,train
classical,kiwujil,1027,test
modern,tang_bennett,11487,test
classical,kiwujil,1028,train
modern,tang_bennett,11495,train
classical,kiwujil,1029,train
modern,tang_bennett,11499,train
classical,kiwujil,1030,train
modern,tang_bennett,11502,train
classical,kiwujil,1031,train
modern,tang_bennett,11503,train
classical,kiwujil,1032,test
modern,tang_bennett,11509,test
classical,kiwujil,1033,train
modern,tang_bennett,11512,train
classical,kiwujil,1034,train
modern,tang_bennett,11531,train
classical,kiwujil,1035,train
modern,tang_bennett,11544,train
classical,kiwujil,1036,train
modern,tang_bennett,11547,train
classical,kiwujil,1037,train
modern,tang_bennett,11578,train
classical,kiwujil,1038,train
modern,tang_bennett,11585,train
classical,kiwujil,1039,train
modern,tang_bennett,11591,train
classical,kiwujil,1040,test
modern,tang_bennett,11607,test
classical,kiwujil,1041,train
modern,tang_bennett,11616,train
classical,kiwujil,1042,train
modern,tang_bennett,11619,train
classical,kiwujil,1043,train
modern,tang_bennett,11622,train
classical,kiwujil,1044,train
modern,tang_bennett,11624,train
classical,kiwujil,1045,train
modern,tang_bennett,11627,train
classical,kiwujil,1046,train
modern,tang_bennett,11647,train
classical,kiwujil,1047,train
modern,tang_bennett,11656,train
classical,kiwujil,1048,train
modern,tang_bennett,11657,train
classical,kiwujil,1049,train
modern,tang_bennett,11658,train
classical,kiwujil,1050,train
modern,tang_bennett,11661,train
classical,kiwujil,1051,train
modern,tang_bennett,11672,train
classical,kiwujil,1052,train
modern,tang_bennett,11679,train
classical,kiwujil,1053,test
modern,tang_bennett,11682,test
classical,kiwujil,1054,test
modern,tang_bennett,11699,test
classical,kiwujil,1055,train
modern,tang_bennett,11732,train
classical,kiwujil,1056,test
modern,tang_bennett,11743,test
classical,kiwujil,1057,test
modern,tang_bennett,11752,test
classical,kiwujil,1058,train
modern,tang_bennett,11772,train
classical,kiwujil,1059,test
modern,tang_bennett,11774,test
classical,kiwujil,1060,train
modern,tang_bennett,11785,train
classical,kiwujil,1061,train
modern,tang_bennett,11800,train
classical,kiwujil,1062,train
modern,tang_bennett,11813,train
classical,kiwujil,1063,train
modern,tang_bennett,11829,train
classical,kiwujil,1064,train
modern,tang_bennett,11839,train
classical,kiwujil,1065,train
modern,tang_bennett,11844,train
classical,kiwujil,1066,test
modern,tang_bennett,11878,test
classical,kiwujil,1067,train
modern,tang_bennett,11881,train
classical,kiwujil,1068,test
modern,tang_bennett,11886,test
classical,kiwujil,1069,train
modern,tang_bennett,11940,train
classical,kiwujil,1070,train
modern,tang_bennett,11945,train
classical,kiwujil,1071,train
modern,tang_bennett,11948,train
classical,kiwujil,1072,train
modern,tang_bennett,11959,train
classical,kiwujil,1073,train
modern,tang_bennett,11963,train
classical,kiwujil,1074,train
modern,tang_bennett,11965,train
classical,kiwujil,1075,train
modern,tang_bennett,11978,train
classical,kiwujil,1076,train
modern,tang_bennett,12003,train
classical,kiwujil,1077,test
modern,tang_bennett,12006,test
classical,kiwujil,1078,train
modern,tang_bennett,12015,train
classical,kiwujil,1079,train
modern,tang_bennett,12024,train
classical,kiwujil,1080,test
modern,tang_bennett,12033,test
classical,kiwujil,1081,train
modern,tang_bennett,12045,train
classical,kiwujil,1082,train
modern,tang_bennett,12052,train
classical,kiwujil,1083,train
modern,tang_bennett,12079,train
classical,kiwujil,1084,train
modern,tang_bennett,12087,train
classical,kiwujil,1085,train
modern,tang_bennett,12127,train
classical,kiwujil,1086,train
modern,tang_bennett,12150,train
classical,kiwujil,1087,train
modern,tang_bennett,12161,train
classical,kiwujil,1088,train
modern,tang_bennett,12167,train
classical,kiwujil,1089,test
modern,tang_bennett,12168,test
classical,kiwujil,1090,test
modern,tang_bennett,12189,test
classical,kiwujil,1091,train
modern,tang_bennett,12190,train
classical,kiwujil,1092,train
modern,tang_bennett,12195,train
classical,kiwujil,1093,train
modern,tang_bennett,12197,train
classical,kiwujil,1094,test
modern,tang_bennett,12201,test
classical,kiwujil,1095,test
modern,tang_bennett,12211,test
classical,kiwujil,1096,train
modern,tang_bennett,12238,train
classical,kiwujil,1097,train
modern,tang_bennett,12242,train
classical,kiwujil,1098,train
modern,tang_bennett,12246,train
classical,kiwujil,1099,test
modern,tang_bennett,12259,test
classical,kiwujil,1100,train
modern,tang_bennett,12266,train
classical,kiwujil,1101,test
modern,tang_bennett,12269,test
classical,kiwujil,1102,train
modern,tang_bennett,12270,train
classical,kiwujil,1103,train
modern,tang_bennett,12272,train
classical,kiwujil,1104,test
modern,tang_bennett,12275,test
classical,kiwujil,1105,train
modern,tang_bennett,12278,train
classical,kiwujil,1106,train
modern,tang_bennett,12283,train
classical,kiwujil,1107,train
modern,tang_bennett,12306,train
classical,kiwujil,1108,train
modern,tang_bennett,12307,train
classical,kiwujil,1109,train
modern,tang_bennett,12308,train
classical,kiwujil,1110,train
modern,tang_bennett,12311,train
classical,kiwujil,1111,test
modern,tang_bennett,12325,test
classical,kiwujil,1112,test
modern,tang_bennett,12328,test
classical,kiwujil,1113,train
modern,tang_bennett,12331,train
classical,kiwujil,1114,train
modern,tang_bennett,12332,train
classical,kiwujil,1115,train
modern,tang_bennett,12339,train
classical,kiwujil,1116,train
modern,tang_bennett,12363,train
classical,kiwujil,1117,train
modern,tang_bennett,12376,train
classical,kiwujil,1118,train
modern,tang_bennett,12383,train
classical,kiwujil,1119,train
modern,tang_bennett,12384,train
classical,kiwujil,1120,train
modern,tang_bennett,12388,train
classical,kiwujil,1121,train
modern,tang_bennett,12397,train
classical,kiwujil,1122,train
modern,tang_bennett,12412,train
classical,kiwujil,1123,train
modern,tang_bennett,12419,train
classical,kiwujil,1124,train
modern,tang_bennett,12450,train
classical,kiwujil,1125,train
modern,tang_bennett,12453,train
classical,kiwujil,1126,test
modern,tang_bennett,12461,test
classical,kiwujil,1127,train
modern,tang_bennett,12462,train
classical,kiwujil,1128,train
modern,tang_bennett,12463,train
classical,kiwujil,1129,train
modern,tang_bennett,12473,train
classical,kiwujil,1130,train
modern,tang_bennett,12498,train
classical,kiwujil,1131,train
modern,tang_bennett,12504,train
classical,kiwujil,1132,train
modern,tang_bennett,12506,train
classical,kiwujil,1133,train
modern,tang_bennett,12511,train
classical,kiwujil,1134,train
modern,tang_bennett,12514,train
classical,kiwujil,1135,train
modern,tang_bennett,12519,train
classical,kiwujil,1136,train
modern,tang_bennett,12527,train
classical,kiwujil,1137,test
modern,tang_bennett,12531,test
classical,kiwujil,1138,train
modern,tang_bennett,12547,train
classical,kiwujil,1139,train
modern,tang_bennett,12561,train
classical,kiwujil,1140,test
modern,tang_bennett,12564,test
classical,kiwujil,1141,train
modern,tang_bennett,12568,train
classical,kiwujil,1142,train
modern,tang_bennett,12574,train
classical,kiwujil,1143,train
modern,tang_bennett,12579,train
classical,kiwujil,1144,train
modern,tang_bennett,12585,train
classical,kiwujil,1145,train
modern,tang_bennett,12589,train
classical,kiwujil,1146,train
modern,tang_bennett,12630,train
classical,kiwujil,1147,train
modern,tang_bennett,12634,train
classical,kiwujil,1148,train
modern,tang_bennett,12640,train
classical,kiwujil,1149,train
modern,tang_bennett,12641,train
classical,kiwujil,1150,train
modern,tang_bennett,12653,train
classical,kiwujil,1151,test
modern,tang_bennett,12655,test
classical,kiwujil,1152,train
modern,tang_bennett,12662,train
classical,kiwujil,1153,train
modern,tang_bennett,12673,train
classical,kiwujil,1154,test
modern,tang_bennett,12676,test
classical,kiwujil,1155,train
modern,tang_bennett,12690,train
classical,kiwujil,1156,train
modern,tang_bennett,12694,train
classical,kiwujil,1157,train
modern,tang_bennett,12720,train
classical,kiwujil,1158,train
modern,tang_bennett,12731,train
classical,kiwujil,1159,train
modern,tang_bennett,12748,train
classical,kiwujil,1160,train
modern,tang_bennett,12776,train
classical,kiwujil,1161,train
modern,tang_bennett,12787,train
classical,kiwujil,1162,train
modern,tang_bennett,12796,train
classical,kiwujil,1163,train
modern,tang_bennett,12798,train
classical,kiwujil,1164,train
modern,tang_bennett,12808,train
classical,kiwujil,1165,train
modern,tang_bennett,12839,train
classical,kiwujil,1166,train
modern,tang_bennett,12845,train
classical,kiwujil,1167,train
modern,tang_bennett,12859,train
classical,kiwujil,1168,train
modern,tang_bennett,12864,train
classical,kiwujil,1169,train
modern,tang_bennett,12877,train
classical,kiwujil,1170,train
modern,tang_bennett,12882,train
classical,kiwujil,1171,test
modern,tang_bennett,12884,test
classical,kiwujil,1172,train
modern,tang_bennett,12892,train
classical,kiwujil,1173,train
modern,tang_bennett,12899,train
classical,kiwujil,1174,train
modern,tang_bennett,12900,train
classical,kiwujil,1175,train
modern,tang_bennett,12906,train
classical,kiwujil,1176,train
modern,tang_bennett,12941,train
classical,kiwujil,1177,test
modern,tang_bennett,12945,test
classical,kiwujil,1178,train
modern,tang_bennett,12970,train
classical,kiwujil,1179,train
modern,tang_bennett,12974,train
classical,kiwujil,1180,train
modern,tang_bennett,12978,train
classical,kiwujil,1181,train
modern,tang_bennett,12979,train
classical,kiwujil,1182,test
modern,tang_bennett,12980,test
classical,kiwujil,1183,train
modern,tang_bennett,12996,train
classical,kiwujil,1184,train
modern,tang_bennett,13018,train
classical,kiwujil,1185,train
modern,tang_bennett,13057,train
classical,kiwujil,1186,train
modern,tang_bennett,13072,train
classical,kiwujil,1187,test
modern,tang_bennett,13074,test
classical,kiwujil,1188,test
modern,tang_bennett,13075,test
classical,kiwujil,1189,train
modern,tang_bennett,13087,train
classical,kiwujil,1190,train
modern,tang_bennett,13094,train
classical,kiwujil,1191,test
modern,tang_bennett,13110,test
classical,kiwujil,1192,train
modern,tang_bennett,13125,train
classical,kiwujil,1193,train
modern,tang_bennett,13134,train
classical,kiwujil,1194,train
modern,tang_bennett,13137,train
classical,kiwujil,1195,test
modern,tang_bennett,13157,test
classical,kiwujil,1196,train
modern,tang_bennett,13160,train
classical,kiwujil,1197,train
modern,tang_bennett,13201,train
classical,kiwujil,1198,train
modern,tang_bennett,13206,train
classical,kiwujil,1199,test
modern,tang_bennett,13217,test
classical,kiwujil,1200,test
modern,tang_bennett,13218,test
classical,kiwujil,1201,train
modern,tang_bennett,13227,train
classical,kiwujil,1202,test
modern,tang_bennett,13237,test
classical,kiwujil,1203,train
modern,tang_bennett,13244,train
classical,kiwujil,1204,test
modern,tang_bennett,13254,test
classical,kiwujil,1205,test
modern,tang_bennett,13266,test
classical,kiwujil,1206,train
modern,tang_bennett,13271,train
classical,kiwujil,1207,test
modern,tang_bennett,13281,test
classical,kiwujil,1208,train
modern,tang_bennett,13296,train
classical,kiwujil,1209,train
modern,tang_bennett,13306,train
classical,kiwujil,1210,test
modern,tang_bennett,13310,test
classical,kiwujil,1211,test
modern,tang_bennett,13339,test
classical,kiwujil,1212,train
modern,tang_bennett,13348,train
classical,kiwujil,1213,train
modern,tang_bennett,13361,train
classical,kiwujil,1214,train
modern,tang_bennett,13377,train
classical,kiwujil,1215,train
modern,tang_bennett,13378,train
classical,kiwujil,1216,train
modern,tang_bennett,13382,train
classical,kiwujil,1217,train
modern,tang_bennett,13405,train
classical,kiwujil,1218,train
modern,tang_bennett,13411,train
classical,kiwujil,1219,train
modern,tang_bennett,13420,train
classical,kiwujil,1220,test
modern,tang_bennett,13421,test
classical,kiwujil,1221,train
modern,tang_bennett,13437,train
classical,kiwujil,1222,train
modern,tang_bennett,13454,train
classical,kiwujil,1223,train
modern,tang_bennett,13474,train
classical,kiwujil,1224,train
modern,tang_bennett,13483,train
classical,kiwujil,1225,train
modern,tang_bennett,13494,train
classical,kiwujil,1226,train
modern,tang_bennett,13505,train
classical,kiwujil,1227,train
modern,tang_bennett,13515,train
classical,kiwujil,1228,train
modern,tang_bennett,13537,train
classical,kiwujil,1229,train
modern,tang_bennett,13541,train
classical,kiwujil,1230,train
modern,tang_bennett,13543,train
classical,kiwujil,1231,train
modern,tang_bennett,13558,train
classical,kiwujil,1232,train
modern,tang_bennett,13560,train
classical,kiwujil,1233,test
modern,tang_bennett,13565,test
classical,kiwujil,1234,train
modern,tang_bennett,13575,train
classical,kiwujil,1235,train
modern,tang_bennett,13577,train
classical,kiwujil,1236,train
modern,tang_bennett,13579,train
classical,kiwujil,1237,train
modern,tang_bennett,13595,train
classical,kiwujil,1238,test
modern,tang_bennett,13602,test
classical,kiwujil,1239,train
modern,tang_bennett,13604,train
classical,kiwujil,1240,test
modern,tang_bennett,13607,test
classical,kiwujil,1241,train
modern,tang_bennett,13609,train
classical,kiwujil,1242,train
modern,tang_bennett,13611,train
classical,kiwujil,1243,train
modern,tang_bennett,13612,train
classical,kiwujil,1244,test
modern,tang_bennett,13618,test
classical,kiwujil,1245,test
modern,tang_bennett,13629,test
classical,kiwujil,1246,test
modern,tang_bennett,13639,test
classical,kiwujil,1247,train
modern,tang_bennett,13653,train
classical,kiwujil,1248,train
modern,tang_bennett,13656,train
classical,kiwujil,1249,train
modern,tang_bennett,13670,train
classical,kiwujil,1250,train
modern,tang_bennett,13700,train
classical,kiwujil,1251,train
modern,tang_bennett,13722,train
classical,kiwujil,1252,train
modern,tang_bennett,13723,train
classical,kiwujil,1253,train
modern,tang_bennett,13727,train
classical,kiwujil,1254,train
modern,tang_bennett,13731,train
classical,kiwujil,1255,test
modern,tang_bennett,13732,test
classical,kiwujil,1256,test
modern,tang_bennett,13750,test
classical,kiwujil,1257,train
modern,tang_bennett,13752,train
classical,kiwujil,1258,train
modern,tang_bennett,13753,train
classical,kiwujil,1259,train
modern,tang_bennett,13755,train
classical,kiwujil,1260,train
modern,tang_bennett,13772,train
classical,kiwujil,1261,train
modern,tang_bennett,13792,train
classical,kiwujil,1262,train
modern,tang_bennett,13811,train
classical,kiwujil,1263,train
modern,tang_bennett,13824,train
classical,kiwujil,1264,train
modern,tang_bennett,13832,train
classical,kiwujil,1265,train
modern,tang_bennett,13838,train
classical,kiwujil,1266,train
modern,tang_bennett,13840,train
classical,kiwujil,1267,test
modern,tang_bennett,13841,test
classical,kiwujil,1268,train
modern,tang_bennett,13877,train
classical,kiwujil,1269,test
modern,tang_bennett,13885,test
classical,kiwujil,1270,train
modern,tang_bennett,13902,train
classical,kiwujil,1271,train
modern,tang_bennett,13908,train
classical,kiwujil,1272,test
modern,tang_bennett,13946,test
classical,kiwujil,1273,train
modern,tang_bennett,13949,train
classical,kiwujil,1274,train
modern,tang_bennett,13951,train
classical,kiwujil,1275,train
modern,tang_bennett,13954,train
classical,kiwujil,1276,train
modern,tang_bennett,13986,train
classical,kiwujil,1277,train
modern,tang_bennett,14007,train
classical,kiwujil,1278,train
modern,tang_bennett,14018,train
classical,kiwujil,1279,train
modern,tang_bennett,14024,train
classical,kiwujil,1280,test
modern,tang_bennett,14029,test
classical,kiwujil,1281,test
modern,tang_bennett,14034,test
classical,kiwujil,1282,train
modern,tang_bennett,14042,train
classical,kiwujil,1283,train
modern,tang_bennett,14044,train
classical,kiwujil,1284,train
modern,tang_bennett,14061,train
classical,kiwujil,1285,test
modern,tang_bennett,14075,test
classical,kiwujil,1286,train
modern,tang_bennett,14081,train
classical,kiwujil,1287,train
modern,tang_bennett,14086,train
classical,kiwujil,1288,test
modern,tang_bennett,14109,test
classical,kiwujil,1289,test
modern,tang_bennett,14116,test
classical,kiwujil,1290,train
modern,tang_bennett,14123,train
classical,kiwujil,1291,train
modern,tang_bennett,14129,train
classical,kiwujil,1292,train
modern,tang_bennett,14143,train
classical,kiwujil,1293,train
modern,tang_bennett,14144,train
classical,kiwujil,1294,train
modern,tang_bennett,14176,train
classical,kiwujil,1295,test
modern,tang_bennett,14184,test
classical,kiwujil,1296,train
modern,tang_bennett,14187,train
classical,kiwujil,1297,train
modern,tang_bennett,14192,train
classical,kiwujil,1298,train
modern,tang_bennett,14194,train
classical,kiwujil,1299,train
modern,tang_bennett,14196,train
classical,kiwujil,1300,train
modern,tang_bennett,14197,train
classical,kiwujil,1301,train
modern,tang_bennett,14235,train
classical,kiwujil,1302,train
modern,tang_bennett,14244,train
classical,kiwujil,1303,train
modern,tang_bennett,14263,train
classical,kiwujil,1304,train
modern,tang_bennett,14278,train
classical,kiwujil,1305,test
modern,tang_bennett,14288,test
classical,kiwujil,1306,train
modern,tang_bennett,14303,train
classical,kiwujil,1307,train
modern,tang_bennett,14306,train
classical,kiwujil,1308,test
modern,tang_bennett,14310,test
classical,kiwujil,1309,test
modern,tang_bennett,14332,test
classical,kiwujil,1310,train
modern,tang_bennett,14365,train
classical,kiwujil,1311,train
modern,tang_bennett,14368,train
classical,kiwujil,1312,train
modern,tang_bennett,14400,train
classical,kiwujil,1313,test
modern,tang_bennett,14409,test
classical,kiwujil,1314,test
modern,tang_bennett,14410,test
classical,kiwujil,1315,train
modern,tang_bennett,14421,train
classical,kiwujil,1316,train
modern,tang_bennett,14428,train
classical,kiwujil,1317,test
modern,tang_bennett,14450,test
classical,kiwujil,1318,train
modern,tang_bennett,14453,train
classical,kiwujil,1319,train
modern,tang_bennett,14459,train
classical,kiwujil,1320,train
modern,tang_bennett,14496,train
classical,kiwujil,1321,train
modern,tang_bennett,14497,train
classical,kiwujil,1322,train
modern,tang_bennett,14505,train
classical,kiwujil,1323,train
modern,tang_bennett,14546,train
classical,kiwujil,1324,train
modern,tang_bennett,14548,train
classical,kiwujil,1325,test
modern,tang_bennett,14549,test
classical,kiwujil,1326,train
modern,tang_bennett,14554,train
classical,kiwujil,1327,train
modern,tang_bennett,14580,train
classical,kiwujil,1328,train
modern,tang_bennett,14582,train
classical,kiwujil,1329,train
modern,tang_bennett,14588,train
classical,kiwujil,1330,train
modern,tang_bennett,14594,train
classical,kiwujil,1331,train
modern,tang_bennett,14596,train
classical,kiwujil,1332,train
modern,tang_bennett,14601,train
classical,kiwujil,1333,test
modern,tang_bennett,14626,test
classical,kiwujil,1334,train
modern,tang_bennett,14627,train
classical,kiwujil,1335,train
modern,tang_bennett,14636,train
classical,kiwujil,1336,train
modern,tang_bennett,14661,train
classical,kiwujil,1337,train
modern,tang_bennett,14667,train
classical,kiwujil,1338,train
modern,tang_bennett,14672,train
classical,kiwujil,1339,test
modern,tang_bennett,14683,test
classical,kiwujil,1340,train
modern,tang_bennett,14685,train
classical,kiwujil,1341,train
modern,tang_bennett,14692,train
classical,kiwujil,1342,train
modern,tang_bennett,14693,train
classical,kiwujil,1343,train
modern,tang_bennett,14703,train
classical,kiwujil,1344,train
modern,tang_bennett,14707,train
classical,kiwujil,1345,train
modern,tang_bennett,14716,train
classical,kiwujil,1346,test
modern,tang_bennett,14724,test
classical,kiwujil,1347,train
modern,tang_bennett,14731,train
classical,kiwujil,1348,train
modern,tang_bennett,14735,train
classical,kiwujil,1349,train
modern,tang_bennett,14736,train
classical,kiwujil,1350,train
modern,tang_bennett,14737,train
classical,kiwujil,1351,test
modern,tang_bennett,14738,test
classical,kiwujil,1352,train
modern,tang_bennett,14747,train
classical,kiwujil,1353,train
modern,tang_bennett,14772,train
classical,kiwujil,1354,test
modern,tang_bennett,14785,test
classical,kiwujil,1355,train
modern,tang_bennett,14814,train
classical,kiwujil,1356,train
modern,tang_bennett,14816,train
classical,kiwujil,1357,test
modern,tang_bennett,14820,test
classical,kiwujil,1358,train
modern,tang_bennett,14824,train
classical,kiwujil,1359,train
modern,tang_bennett,14828,train
classical,kiwujil,1360,test
modern,tang_bennett,14853,test
classical,kiwujil,1361,train
modern,tang_bennett,14869,train
classical,kiwujil,1362,train
modern,tang_bennett,14872,train
classical,kiwujil,1363,test
modern,tang_bennett,14873,test
classical,kiwujil,1364,train
modern,tang_bennett,14890,train
classical,kiwujil,1365,train
modern,tang_bennett,14894,train
classical,kiwujil,1366,test
modern,tang_bennett,14909,test
classical,kiwujil,1367,train
modern,tang_bennett,14910,train
classical,kiwujil,1368,test
modern,tang_bennett,14918,test
classical,kiwujil,1369,train
modern,tang_bennett,14934,train
classical,kiwujil,1370,train
modern,tang_bennett,14942,train
classical,kiwujil,1371,train
modern,tang_bennett,14956,train
classical,kiwujil,1372,train
modern,tang_bennett,14984,train
classical,kiwujil,1373,train
modern,tang_bennett,15006,train
classical,kiwujil,1374,train
modern,tang_bennett,15007,train
classical,kiwujil,1375,test
modern,tang_bennett,15012,test
classical,kiwujil,1376,train
modern,tang_bennett,15023,train
classical,kiwujil,1377,test
modern,tang_bennett,15055,test
classical,kiwujil,1378,test
modern,tang_bennett,15062,test
classical,kiwujil,1379,train
modern,tang_bennett,15085,train
classical,kiwujil,1380,train
modern,tang_bennett,15095,train
classical,kiwujil,1381,train
modern,tang_bennett,15106,train
classical,kiwujil,1382,train
modern,tang_bennett,15109,train
classical,kiwujil,1383,train
modern,tang_bennett,15126,train
classical,kiwujil,1384,train
modern,tang_bennett,15133,train
classical,kiwujil,1385,train
modern,tang_bennett,15137,train
classical,kiwujil,1386,train
modern,tang_bennett,15146,train
classical,kiwujil,1387,train
modern,tang_bennett,15150,train
classical,kiwujil,1388,train
modern,tang_bennett,15157,train
classical,kiwujil,1389,test
modern,tang_bennett,15173,test
classical,kiwujil,1390,train
modern,tang_bennett,15175,train
classical,kiwujil,1391,test
modern,tang_bennett,15176,test
classical,kiwujil,1392,test
modern,tang_bennett,15179,test
classical,kiwujil,1393,train
modern,tang_bennett,15196,train
classical,kiwujil,1394,train
modern,tang_bennett,15202,train
classical,kiwujil,1395,train
modern,tang_bennett,15208,train
classical,kiwujil,1396,test
modern,tang_bennett,15218,test
classical,kiwujil,1397,test
modern,tang_bennett,15232,test
classical,kiwujil,1398,train
modern,tang_bennett,15235,train
classical,kiwujil,1399,train
modern,tang_bennett,15259,train
classical,kiwujil,1400,test
modern,tang_bennett,15290,test
classical,kiwujil,1401,train
modern,tang_bennett,15322,train
classical,kiwujil,1402,train
modern,tang_bennett,15340,train
classical,kiwujil,1403,train
modern,tang_bennett,15347,train
classical,kiwujil,1404,train
modern,tang_bennett,15352,train
classical,kiwujil,1405,train
modern,tang_bennett,15361,train
classical,kiwujil,1406,train
modern,tang_bennett,15373,train
classical,kiwujil,1407,train
modern,tang_bennett,15389,train
classical,kiwujil,1408,train
modern,tang_bennett,15390,train
classical,kiwujil,1409,test
modern,tang_bennett,15406,test
classical,kiwujil,1410,test
modern,tang_bennett,15420,test
classical,kiwujil,1411,train
modern,tang_bennett,15425,train
classical,kiwujil,1412,test
modern,tang_bennett,15437,test
classical,kiwujil,1413,test
modern,tang_bennett,15447,test
classical,kiwujil,1414,train
modern,tang_bennett,15460,train
classical,kiwujil,1415,train
modern,tang_bennett,15477,train
classical,kiwujil,1416,train
modern,tang_bennett,15495,train
classical,kiwujil,1417,test
modern,tang_bennett,15498,test
classical,kiwujil,1418,train
modern,tang_bennett,15515,train
classical,kiwujil,1419,train
modern,tang_bennett,15518,train
classical,kiwujil,1420,train
modern,tang_bennett,15519,train
classical,kiwujil,1421,train
modern,tang_bennett,15537,train
classical,kiwujil,1422,train
modern,tang_bennett,15542,train
classical,kiwujil,1423,train
modern,tang_bennett,15547,train
classical,kiwujil,1424,train
modern,tang_bennett,15556,train
classical,kiwujil,1425,train
modern,tang_bennett,15567,train
classical,kiwujil,1426,train
modern,tang_bennett,15583,train
classical,kiwujil,1427,train
modern,tang_bennett,15626,train
classical,kiwujil,1428,train
modern,tang_bennett,15661,train
classical,kiwujil,1429,train
modern,tang_bennett,15665,train
classical,kiwujil,1430,train
modern,tang_bennett,15669,train
classical,kiwujil,1431,train
modern,tang_bennett,15688,train
classical,kiwujil,1432,train
modern,tang_bennett,15709,train
classical,kiwujil,1433,train
modern,tang_bennett,15715,train
classical,kiwujil,1434,train
modern,tang_bennett,15719,train
classical,kiwujil,1435,train
modern,tang_bennett,15722,train
classical,kiwujil,1436,train
modern,tang_bennett,15746,train
classical,kiwujil,1437,train
modern,tang_bennett,15748,train
classical,kiwujil,1438,test
modern,tang_bennett,15766,test
classical,kiwujil,1439,test
modern,tang_bennett,15790,test
classical,kiwujil,1440,train
modern,tang_bennett,15792,train
classical,kiwujil,1441,train
modern,tang_bennett,15798,train
classical,kiwujil,1442,test
modern,tang_bennett,15800,test
classical,kiwujil,1443,train
modern,tang_bennett,15801,train
classical,kiwujil,1444,train
modern,tang_bennett,15827,train
classical,kiwujil,1445,train
modern,tang_bennett,15830,train
classical,kiwujil,1446,test
modern,tang_bennett,15861,test
classical,kiwujil,1447,train
modern,tang_bennett,15863,train
classical,kiwujil,1448,train
modern,tang_bennett,15896,train
classical,kiwujil,1449,train
modern,tang_bennett,15915,train
classical,kiwujil,1450,train
modern,tang_bennett,15921,train
classical,kiwujil,1451,train
modern,tang_bennett,15931,train
classical,kiwujil,1452,train
modern,tang_bennett,15956,train
classical,kiwujil,1453,train
modern,tang_bennett,15969,train
classical,kiwujil,1454,train
modern,tang_bennett,15975,train
classical,kiwujil,1455,train
modern,tang_bennett,15977,train
classical,kiwujil,1456,train
modern,tang_bennett,15996,train
classical,kiwujil,1457,test
modern,tang_bennett,16000,test
classical,kiwujil,1458,train
modern,tang_bennett,16011,train
classical,kiwujil,1459,test
modern,tang_bennett,16022,test
classical,kiwujil,1460,train
modern,tang_bennett,16023,train
classical,kiwujil,1461,test
modern,tang_bennett,16024,test
classical,kiwujil,1462,train
modern,tang_bennett,16033,train
classical,kiwujil,1463,train
modern,tang_bennett,16038,train
classical,kiwujil,1464,train
modern,tang_bennett,16055,train
classical,kiwujil,1465,train
modern,tang_bennett,16058,train
classical,kiwujil,1466,train
modern,tang_bennett,16063,train
classical,kiwujil,1467,train
modern,tang_bennett,16066,train
classical,kiwujil,1468,train
modern,tang_bennett,16075,train
classical,kiwujil,1469,train
modern,tang_bennett,16084,train
classical,kiwujil,1470,train
modern,tang_bennett,16089,train
classical,kiwujil,1471,train
modern,tang_bennett,16103,train
classical,kiwujil,1472,test
modern,tang_bennett,16118,test
classical,kiwujil,1473,train
modern,tang_bennett,16124,train
classical,kiwujil,1474,test
modern,tang_bennett,16153,test
classical,kiwujil,1475,train
modern,tang_bennett,16155,train
classical,kiwujil,1476,train
modern,tang_bennett,16160,train
classical,kiwujil,1477,train
modern,tang_bennett,16178,train
classical,kiwujil,1478,train
modern,tang_bennett,16179,train
classical,kiwujil,1479,train
modern,tang_bennett,16184,train
classical,kiwujil,1480,train
modern,tang_bennett,16191,train
classical,kiwujil,1481,test
modern,tang_bennett,16205,test
classical,kiwujil,1482,train
modern,tang_bennett,16206,train
classical,kiwujil,1483,train
modern,tang_bennett,16217,train
classical,kiwujil,1484,train
modern,tang_bennett,16218,train
classical,kiwujil,1485,train
modern,tang_bennett,16220,train
classical,kiwujil,1486,train
modern,tang_bennett,16232,train
classical,kiwujil,1487,train
modern,tang_bennett,16239,train
classical,kiwujil,1488,test
modern,tang_bennett,16244,test
classical,kiwujil,1489,train
modern,tang_bennett,16255,train
classical,kiwujil,1490,train
modern,tang_bennett,16264,train
classical,kiwujil,1491,train
modern,tang_bennett,16273,train
classical,kiwujil,1492,test
modern,tang_bennett,16282,test
classical,kiwujil,1493,test
modern,tang_bennett,16286,test
classical,kiwujil,1494,train
modern,tang_bennett,16304,train
classical,kiwujil,1495,train
modern,tang_bennett,16317,train
classical,kiwujil,1496,train
modern,tang_bennett,16336,train
classical,kiwujil,1497,train
modern,tang_bennett,16345,train
classical,kiwujil,1498,train
modern,tang_bennett,16348,train
classical,kiwujil,1499,test
modern,tang_bennett,16349,test
classical,kiwujil,1500,train
modern,tang_bennett,16379,train
classical,kiwujil,1501,test
modern,tang_bennett,16407,test
classical,kiwujil,1502,train
modern,tang_bennett,16408,train
classical,kiwujil,1503,test
modern,tang_bennett,16411,test
classical,kiwujil,1504,train
modern,tang_bennett,16413,train
classical,kiwujil,1505,train
modern,tang_bennett,16418,train
classical,kiwujil,1506,train
modern,tang_bennett,16422,train
classical,kiwujil,1507,train
modern,tang_bennett,16423,train
classical,kiwujil,1508,train
modern,tang_bennett,16436,train
classical,kiwujil,1509,train
modern,tang_bennett,16437,train
classical,kiwujil,1510,train
modern,tang_bennett,16456,train
classical,kiwujil,1511,train
modern,tang_bennett,16468,train
classical,kiwujil,1512,train
modern,tang_bennett,16483,train
classical,kiwujil,1513,train
modern,tang_bennett,16489,train
classical,kiwujil,1514,train
modern,tang_bennett,16503,train
classical,kiwujil,1515,train
modern,tang_bennett,16518,train
classical,kiwujil,1516,train
modern,tang_bennett,16532,train
classical,kiwujil,1517,train
modern,tang_bennett,16549,train
classical,kiwujil,1518,train
modern,tang_bennett,16559,train
classical,kiwujil,1519,test
modern,tang_bennett,16581,test
classical,kiwujil,1520,test
modern,tang_bennett,16593,test
classical,kiwujil,1521,train
modern,tang_bennett,16609,train
classical,kiwujil,1522,test
modern,tang_bennett,16615,test
classical,kiwujil,1523,train
modern,tang_bennett,16625,train
classical,kiwujil,1524,train
modern,tang_bennett,16635,train
classical,kiwujil,1525,train
modern,tang_bennett,16644,train
classical,kiwujil,1526,train
modern,tang_bennett,16654,train
classical,kiwujil,1527,train
modern,tang_bennett,16674,train
classical,kiwujil,1528,train
modern,tang_bennett,16679,train
classical,kiwujil,1529,test
modern,tang_bennett,16688,test
classical,kiwujil,1530,train
modern,tang_bennett,16689,train
classical,kiwujil,1531,train
modern,tang_bennett,16692,train
classical,kiwujil,1532,train
modern,tang_bennett,16719,train
classical,kiwujil,1533,train
modern,tang_bennett,16725,train
classical,kiwujil,1534,train
modern,tang_bennett,16727,train
classical,kiwujil,1535,train
modern,tang_bennett,16742,train
classical,kiwujil,1536,train
modern,tang_bennett,16744,train
classical,kiwujil,1537,train
modern,tang_bennett,16776,train
classical,kiwujil,1538,train
modern,tang_bennett,16779,train
classical,kiwujil,1539,test
modern,tang_bennett,16780,test
classical,kiwujil,1540,test
modern,tang_bennett,16781,test
classical,kiwujil,1541,train
modern,tang_bennett,16784,train
classical,kiwujil,1542,train
modern,tang_bennett,16785,train
classical,kiwujil,1543,train
modern,tang_bennett,16801,train
classical,kiwujil,1544,train
modern,tang_bennett,16802,train
classical,kiwujil,1545,train
modern,tang_bennett,16806,train
classical,kiwujil,1546,train
modern,tang_bennett,16808,train
classical,kiwujil,1547,train
modern,tang_bennett,16811,train
classical,kiwujil,1548,train
modern,tang_bennett,16819,train
classical,kiwujil,1549,train
modern,tang_bennett,16826,train
classical,kiwujil,1550,train
modern,tang_bennett,16837,train
classical,kiwujil,1551,train
modern,tang_bennett,16862,train
classical,kiwujil,1552,train
modern,tang_bennett,16864,train
classical,kiwujil,1553,train
modern,tang_bennett,16866,train
classical,kiwujil,1554,train
modern,tang_bennett,16870,train
classical,kiwujil,1555,test
modern,tang_bennett,16879,test
classical,kiwujil,1556,train
modern,tang_bennett,16880,train
classical,kiwujil,1557,test
modern,tang_bennett,16882,test
classical,kiwujil,1558,train
modern,tang_bennett,16901,train
classical,kiwujil,1559,train
modern,tang_bennett,16910,train
classical,kiwujil,1560,train
modern,tang_bennett,16911,train
classical,kiwujil,1561,train
modern,tang_bennett,16931,train
classical,kiwujil,1562,train
modern,tang_bennett,16932,train
classical,kiwujil,1563,train
modern,tang_bennett,16938,train
classical,kiwujil,1564,train
modern,tang_bennett,16961,train
classical,kiwujil,1565,train
modern,tang_bennett,16963,train
classical,kiwujil,1566,train
modern,tang_bennett,16972,train
classical,kiwujil,1567,train
modern,tang_bennett,16993,train
classical,kiwujil,1568,train
modern,tang_bennett,17011,train
classical,kiwujil,1569,train
modern,tang_bennett,17014,train
classical,kiwujil,1570,test
modern,tang_bennett,17023,test
classical,kiwujil,1571,train
modern,tang_bennett,17028,train
classical,kiwujil,1572,train
modern,tang_bennett,17032,train
classical,kiwujil,1573,test
modern,tang_bennett,17053,test
classical,kiwujil,1574,test
modern,tang_bennett,17057,test
classical,kiwujil,1575,train
modern,tang_bennett,17064,train
classical,kiwujil,1576,test
modern,tang_bennett,17073,test
classical,kiwujil,1577,train
modern,tang_bennett,17114,train
classical,kiwujil,1578,train
modern,tang_bennett,17123,train
classical,kiwujil,1579,train
modern,tang_bennett,17135,train
classical,kiwujil,1580,train
modern,tang_bennett,17136,train
classical,kiwujil,1581,train
modern,tang_bennett,17145,train
classical,kiwujil,1582,test
modern,tang_bennett,17155,test
classical,kiwujil,1583,train
modern,tang_bennett,17162,train
classical,kiwujil,1584,train
modern,tang_bennett,17173,train
classical,kiwujil,1585,test
modern,tang_bennett,17175,test
classical,kiwujil,1586,train
modern,tang_bennett,17184,train
classical,kiwujil,1587,test
modern,tang_bennett,17199,test
classical,kiwujil,1588,train
modern,tang_bennett,17211,train
classical,kiwujil,1589,train
modern,tang_bennett,17242,train
classical,kiwujil,1590,train
modern,tang_bennett,17247,train
classical,kiwujil,1591,train
modern,tang_bennett,17255,train
classical,kiwujil,1592,train
modern,tang_bennett,17258,train
classical,kiwujil,1593,train
modern,tang_bennett,17274,train
classical,kiwujil,1594,train
modern,tang_bennett,17278,train
classical,kiwujil,1595,train
modern,tang_bennett,17282,train
classical,kiwujil,1596,train
modern,tang_bennett,17284,train
classical,kiwujil,1597,test
modern,tang_bennett,17301,test
classical,kiwujil,1598,train
modern,tang_bennett,17318,train
classical,kiwujil,1599,test
modern,tang_bennett,17343,test
classical,kiwujil,1600,train
modern,tang_bennett,17360,train
classical,kiwujil,1601,train
modern,tang_bennett,17368,train
classical,kiwujil,1602,test
modern,tang_bennett,17373,test
classical,kiwujil,1603,train
modern,tang_bennett,17377,train
classical,kiwujil,1604,train
modern,tang_bennett,17400,train
classical,kiwujil,1605,train
modern,tang_bennett,17401,train
classical,kiwujil,1606,train
modern,tang_bennett,17402,train
classical,kiwujil,1607,train
modern,tang_bennett,17408,train
classical,kiwujil,1608,train
modern,tang_bennett,17414,train
classical,kiwujil,1609,train
modern,tang_bennett,17433,train
classical,kiwujil,1610,train
modern,tang_bennett,17443,train
classical,kiwujil,1611,train
modern,tang_bennett,17454,train
classical,kiwujil,1612,train
modern,tang_bennett,17455,train
classical,kiwujil,1613,train
modern,tang_bennett,17465,train
classical,kiwujil,1614,train
modern,tang_bennett,17474,train
classical,kiwujil,1615,train
modern,tang_bennett,17478,train
classical,kiwujil,1616,train
modern,tang_bennett,17489,train
classical,kiwujil,1617,test
modern,tang_bennett,17522,test
classical,kiwujil,1618,train
modern,tang_bennett,17543,train
classical,kiwujil,1619,train
modern,tang_bennett,17545,train
classical,kiwujil,1620,train
modern,tang_bennett,17561,train
classical,kiwujil,1621,train
modern,tang_bennett,17571,train
classical,kiwujil,1622,train
modern,tang_bennett,17572,train
classical,kiwujil,1623,train
modern,tang_bennett,17589,train
classical,kiwujil,1624,train
modern,tang_bennett,17593,train
classical,kiwujil,1625,train
modern,tang_bennett,17594,train
classical,kiwujil,1626,train
modern,tang_bennett,17597,train
classical,kiwujil,1627,train
modern,tang_bennett,17614,train
classical,kiwujil,1628,train
modern,tang_bennett,17617,train
classical,kiwujil,1629,train
modern,tang_bennett,17655,train
classical,kiwujil,1630,train
modern,tang_bennett,17669,train
classical,kiwujil,1631,test
modern,tang_bennett,17672,test
classical,kiwujil,1632,train
modern,tang_bennett,17684,train
classical,kiwujil,1633,train
modern,tang_bennett,17686,train
classical,kiwujil,1634,train
modern,tang_bennett,17690,train
classical,kiwujil,1635,train
modern,tang_bennett,17703,train
classical,kiwujil,1636,train
modern,tang_bennett,17721,train
classical,kiwujil,1637,train
modern,tang_bennett,17733,train
classical,kiwujil,1638,train
modern,tang_bennett,17737,train
classical,kiwujil,1639,test
modern,tang_bennett,17738,test
classical,kiwujil,1640,train
modern,tang_bennett,17741,train
classical,kiwujil,1641,train
modern,tang_bennett,17750,train
classical,kiwujil,1642,train
modern,tang_bennett,17779,train
classical,kiwujil,1643,test
modern,tang_bennett,17784,test
classical,kiwujil,1644,train
modern,tang_bennett,17792,train
classical,kiwujil,1645,train
modern,tang_bennett,17797,train
classical,kiwujil,1646,train
modern,tang_bennett,17799,train
classical,kiwujil,1647,train
modern,tang_bennett,17823,train
classical,kiwujil,1648,train
modern,tang_bennett,17830,train
classical,kiwujil,1649,test
modern,tang_bennett,17836,test
classical,kiwujil,1650,train
modern,tang_bennett,17837,train
classical,kiwujil,1651,test
modern,tang_bennett,17855,test
classical,kiwujil,1652,train
modern,tang_bennett,17887,train
classical,kiwujil,1653,train
modern,tang_bennett,17895,train
classical,kiwujil,1654,test
modern,tang_bennett,17915,test
classical,kiwujil,1655,train
modern,tang_bennett,17917,train
classical,kiwujil,1656,train
modern,tang_bennett,17930,train
classical,kiwujil,1657,test
modern,tang_bennett,17937,test
classical,kiwujil,1658,train
modern,tang_bennett,17938,train
classical,kiwujil,1659,train
modern,tang_bennett,17949,train
classical,kiwujil,1660,train
modern,tang_bennett,17970,train
classical,kiwujil,1661,test
modern,tang_bennett,17971,test
classical,kiwujil,1662,train
modern,tang_bennett,17990,train
classical,kiwujil,1663,train
modern,tang_bennett,17991,train
classical,kiwujil,1664,test
modern,tang_bennett,17993,test
classical,kiwujil,1665,train
modern,tang_bennett,18022,train
classical,kiwujil,1666,train
modern,tang_bennett,18036,train
classical,kiwujil,1667,train
modern,tang_bennett,18041,train
classical,kiwujil,1668,train
modern,tang_bennett,18049,train
classical,kiwujil,1669,train
modern,tang_bennett,18052,train
classical,kiwujil,1670,train
modern,tang_bennett,18075,train
classical,kiwujil,1671,train
modern,tang_bennett,18081,train
classical,kiwujil,1672,train
modern,tang_bennett,18083,train
classical,kiwujil,1673,train
modern,tang_bennett,18089,train
classical,kiwujil,1674,train
modern,tang_bennett,18117,train
classical,kiwujil,1675,train
modern,tang_bennett,18136,train
classical,kiwujil,1676,train
modern,tang_bennett,18144,train
classical,kiwujil,1677,train
modern,tang_bennett,18155,train
classical,kiwujil,1678,train
modern,tang_bennett,18171,train
classical,kiwujil,1679,test
modern,tang_bennett,18206,test
classical,kiwujil,1680,train
modern,tang_bennett,18212,train
classical,kiwujil,1681,train
modern,tang_bennett,18220,train
classical,kiwujil,1682,train
modern,tang_bennett,18227,train
classical,kiwujil,1683,train
modern,tang_bennett,18228,train
classical,kiwujil,1684,train
modern,tang_bennett,18232,train
classical,kiwujil,1685,train
modern,tang_bennett,18235,train
classical,kiwujil,1686,train
modern,tang_bennett,18317,train
classical,kiwujil,1687,test
modern,tang_bennett,18325,test
classical,kiwujil,1688,train
modern,tang_bennett,18339,train
classical,kiwujil,1689,train
modern,tang_bennett,18347,train
classical,kiwujil,1690,train
modern,tang_bennett,18350,train
classical,kiwujil,1691,train
modern,tang_bennett,18355,train
classical,kiwujil,1692,test
modern,tang_bennett,18373,test
classical,kiwujil,1693,train
modern,tang_bennett,18378,train
classical,kiwujil,1694,train
modern,tang_bennett,18382,train
classical,kiwujil,1695,test
modern,tang_bennett,18393,test
classical,kiwujil,1696,train
modern,tang_bennett,18420,train
classical,kiwujil,1697,train
modern,tang_bennett,18428,train
classical,kiwujil,1698,test
modern,tang_bennett,18430,test
classical,kiwujil,1699,train
modern,tang_bennett,18439,train
classical,kiwujil,1700,train
modern,tang_bennett,18444,train
classical,kiwujil,1701,train
modern,tang_bennett,18471,train
classical,kiwujil,1702,test
modern,tang_bennett,18480,test
classical,kiwujil,1703,train
modern,tang_bennett,18489,train
classical,kiwujil,1704,test
modern,tang_bennett,18508,test
classical,kiwujil,1705,train
modern,tang_bennett,18519,train
classical,kiwujil,1706,test
modern,tang_bennett,18525,test
classical,kiwujil,1707,train
modern,tang_bennett,18533,train
classical,kiwujil,1708,test
modern,tang_bennett,18538,test
classical,kiwujil,1709,train
modern,tang_bennett,18546,train
classical,kiwujil,1710,train
modern,tang_bennett,18550,train
classical,kiwujil,1711,train
modern,tang_bennett,18565,train
classical,kiwujil,1712,train
modern,tang_bennett,18622,train
classical,kiwujil,1713,train
modern,tang_bennett,18640,train
classical,kiwujil,1714,train
modern,tang_bennett,18641,train
classical,kiwujil,1715,test
modern,tang_bennett,18658,test
classical,kiwujil,1716,train
modern,tang_bennett,18662,train
classical,kiwujil,1717,test
modern,tang_bennett,18663,test
classical,kiwujil,1718,train
modern,tang_bennett,18664,train
classical,kiwujil,1719,train
modern,tang_bennett,18681,train
classical,kiwujil,1720,train
modern,tang_bennett,18702,train
classical,kiwujil,1721,train
modern,tang_bennett,18708,train
classical,kiwujil,1722,train
modern,tang_bennett,18712,train
classical,kiwujil,1723,train
modern,tang_bennett,18724,train
classical,kiwujil,1724,train
modern,tang_bennett,18728,train
classical,kiwujil,1725,train
modern,tang_bennett,18741,train
classical,kiwujil,1726,train
modern,tang_bennett,18742,train
classical,kiwujil,1727,train
modern,tang_bennett,18761,train
classical,kiwujil,1728,train
modern,tang_bennett,18771,train
classical,kiwujil,1729,train
modern,tang_bennett,18832,train
classical,kiwujil,1730,train
modern,tang_bennett,18834,train
classical,kiwujil,1731,train
modern,tang_bennett,18838,train
classical,kiwujil,1732,test
modern,tang_bennett,18867,test
classical,kiwujil,1733,train
modern,tang_bennett,18872,train
classical,kiwujil,1734,train
modern,tang_bennett,18881,train
classical,kiwujil,1735,train
modern,tang_bennett,18886,train
classical,kiwujil,1736,train
modern,tang_bennett,18900,train
classical,kiwujil,1737,train
modern,tang_bennett,18918,train
classical,kiwujil,1738,test
modern,tang_bennett,18922,test
classical,kiwujil,1739,train
modern,tang_bennett,18926,train
classical,kiwujil,1740,train
modern,tang_bennett,18937,train
classical,kiwujil,1741,train
modern,tang_bennett,18946,train
classical,kiwujil,1742,train
modern,tang_bennett,18973,train
classical,kiwujil,1743,test
modern,tang_bennett,18982,test
classical,kiwujil,1744,train
modern,tang_bennett,18989,train
classical,kiwujil,1745,test
modern,tang_bennett,18993,test
classical,kiwujil,1746,train
modern,tang_bennett,18997,train
classical,kiwujil,1747,train
modern,tang_bennett,18998,train
classical,kiwujil,1748,train
modern,tang_bennett,19011,train
classical,kiwujil,1749,test
modern,tang_bennett,19030,test
classical,kiwujil,1750,train
modern,tang_bennett,19033,train
classical,kiwujil,1751,train
modern,tang_bennett,19037,train
classical,kiwujil,1752,train
modern,tang_bennett,19068,train
classical,kiwujil,1753,train
modern,tang_bennett,19092,train
classical,kiwujil,1754,train
modern,tang_bennett,19094,train
classical,kiwujil,1755,train
modern,tang_bennett,19096,train
classical,kiwujil,1756,train
modern,tang_bennett,19102,train
classical,kiwujil,1757,test
modern,tang_bennett,19110,test
classical,kiwujil,1758,test
modern,tang_bennett,19137,test
classical,kiwujil,1759,test
modern,tang_bennett,19139,test
classical,kiwujil,1760,test
modern,tang_bennett,19144,test
classical,kiwujil,1761,test
modern,tang_bennett,19148,test
classical,kiwujil,1762,train
modern,tang_bennett,19163,train
classical,kiwujil,1763,train
modern,tang_bennett,19169,train
classical,kiwujil,1764,train
modern,tang_bennett,19174,train
classical,kiwujil,1765,train
modern,tang_bennett,19187,train
classical,kiwujil,1766,train
modern,tang_bennett,19197,train
classical,kiwujil,1767,test
modern,tang_bennett,19221,test
classical,kiwujil,1768,train
modern,tang_bennett,19234,train
classical,kiwujil,1769,train
modern,tang_bennett,19237,train
classical,kiwujil,1770,train
modern,tang_bennett,19246,train
classical,kiwujil,1771,train
modern,tang_bennett,19280,train
classical,kiwujil,1772,train
modern,tang_bennett,19285,train
classical,kiwujil,1773,train
modern,tang_bennett,19342,train
classical,kiwujil,1774,train
modern,tang_bennett,19344,train
classical,kiwujil,1775,test
modern,tang_bennett,19355,test
classical,kiwujil,1776,train
modern,tang_bennett,19360,train
classical,kiwujil,1777,train
modern,tang_bennett,19378,train
classical,kiwujil,1778,train
modern,tang_bennett,19396,train
classical,kiwujil,1779,train
modern,tang_bennett,19399,train
classical,kiwujil,1780,train
modern,tang_bennett,19400,train
classical,kiwujil,1781,train
modern,tang_bennett,19411,train
classical,kiwujil,1782,train
modern,tang_bennett,19456,train
classical,kiwujil,1783,train
modern,tang_bennett,19459,train
classical,kiwujil,1784,test
modern,tang_bennett,19470,test
classical,kiwujil,1785,train
modern,tang_bennett,19478,train
classical,kiwujil,1786,train
modern,tang_bennett,19480,train
classical,kiwujil,1787,test
modern,tang_bennett,19511,test
classical,kiwujil,1788,train
modern,tang_bennett,19513,train
classical,kiwujil,1789,train
modern,tang_bennett,19533,train
classical,kiwujil,1790,train
modern,tang_bennett,19537,train
classical,kiwujil,1791,test
modern,tang_bennett,19555,test
classical,kiwujil,1792,test
modern,tang_bennett,19560,test
classical,kiwujil,1793,train
modern,tang_bennett,19576,train
classical,kiwujil,1794,train
modern,tang_bennett,19580,train
classical,kiwujil,1795,train
modern,tang_bennett,19600,train
classical,kiwujil,1796,train
modern,tang_bennett,19601,train
classical,kiwujil,1797,train
modern,tang_bennett,19657,train
classical,kiwujil,1798,train
modern,tang_bennett,19667,train
classical,kiwujil,1799,train
modern,tang_bennett,19719,train
classical,kiwujil,1800,train
modern,tang_bennett,19731,train
classical,kiwujil,1801,train
modern,tang_bennett,19734,train
classical,kiwujil,1802,train
modern,tang_bennett,19738,train
classical,kiwujil,1803,train
modern,tang_bennett,19741,train
classical,kiwujil,1804,train
modern,tang_bennett,19767,train
classical,kiwujil,1805,train
modern,tang_bennett,19778,train
classical,kiwujil,1806,train
modern,tang_bennett,19779,train
classical,kiwujil,1807,train
modern,tang_bennett,19781,train
classical,kiwujil,1808,train
modern,tang_bennett,19792,train
classical,kiwujil,1809,test
modern,tang_bennett,19806,test
classical,kiwujil,1810,train
modern,tang_bennett,19807,train
classical,kiwujil,1811,test
modern,tang_bennett,19811,test
classical,kiwujil,1812,train
modern,tang_bennett,19812,train
classical,kiwujil,1813,train
modern,tang_bennett,19835,train
classical,kiwujil,1814,test
modern,tang_bennett,19837,test
classical,kiwujil,1815,train
modern,tang_bennett,19852,train
classical,kiwujil,1816,train
modern,tang_bennett,19879,train
classical,kiwujil,1817,train
modern,tang_bennett,19888,train
classical,kiwujil,1818,train
modern,tang_bennett,19890,train
classical,kiwujil,1819,train
modern,tang_bennett,19895,train
classical,kiwujil,1820,train
modern,tang_bennett,19911,train
classical,kiwujil,1821,train
modern,tang_bennett,19912,train
classical,kiwujil,1822,train
modern,tang_bennett,19918,train
classical,kiwujil,1823,test
modern,tang_bennett,19925,test
classical,kiwujil,1824,train
modern,tang_bennett,19929,train
classical,kiwujil,1825,train
modern,tang_bennett,19931,train
classical,kiwujil,1826,train
modern,tang_bennett,19933,train
classical,kiwujil,1827,train
modern,tang_bennett,19934,train
classical,kiwujil,1828,train
modern,tang_bennett,19956,train
classical,kiwujil,1829,train
modern,tang_bennett,19973,train
classical,kiwujil,1830,train
modern,tang_bennett,20000,train
classical,kiwujil,1831,train
modern,tang_bennett,20006,train
classical,kiwujil,1832,train
modern,tang_bennett,20009,train
classical,kiwujil,1833,test
modern,tang_bennett,20010,test
classical,kiwujil,1834,train
modern,tang_bennett,20016,train
classical,kiwujil,1835,test
modern,tang_bennett,20026,test
classical,kiwujil,1836,train
modern,tang_bennett,20027,train
classical,kiwujil,1837,test
modern,tang_bennett,20032,test
classical,kiwujil,1838,train
modern,tang_bennett,20060,train
classical,kiwujil,1839,train
modern,tang_bennett,20061,train
classical,kiwujil,1840,test
modern,tang_bennett,20069,test
classical,kiwujil,1841,train
modern,tang_bennett,20071,train
classical,kiwujil,1842,train
modern,tang_bennett,20096,train
classical,kiwujil,1843,train
modern,tang_bennett,20180,train
classical,kiwujil,1844,train
modern,tang_bennett,20186,train
classical,kiwujil,1845,test
modern,tang_bennett,20188,test
classical,kiwujil,1846,train
modern,tang_bennett,20190,train
classical,kiwujil,1847,train
modern,tang_bennett,20205,train
classical,kiwujil,1848,train
modern,tang_bennett,20216,train
classical,kiwujil,1849,train
modern,tang_bennett,20222,train
classical,kiwujil,1850,train
modern,tang_bennett,20227,train
classical,kiwujil,1851,train
modern,tang_bennett,20228,train
classical,kiwujil,1852,train
modern,tang_bennett,20243,train
classical,kiwujil,1853,train
modern,tang_bennett,20246,train
classical,kiwujil,1854,train
modern,tang_bennett,20259,train
classical,kiwujil,1855,test
modern,tang_bennett,20265,test
classical,kiwujil,1856,train
modern,tang_bennett,20279,train
classical,kiwujil,1857,train
modern,tang_bennett,20283,train
classical,kiwujil,1858,test
modern,tang_bennett,20288,test
classical,kiwujil,1859,train
modern,tang_bennett,20291,train
classical,kiwujil,1860,train
modern,tang_bennett,20308,train
classical,kiwujil,1861,train
modern,tang_bennett,20310,train
classical,kiwujil,1862,train
modern,tang_bennett,20319,train
classical,kiwujil,1863,test
modern,tang_bennett,20332,test
classical,kiwujil,1864,train
modern,tang_bennett,20391,train
classical,kiwujil,1865,train
modern,tang_bennett,20412,train
classical,kiwujil,1866,train
modern,tang_bennett,20424,train
classical,kiwujil,1867,train
modern,tang_bennett,20435,train
classical,kiwujil,1868,train
modern,tang_bennett,20436,train
classical,kiwujil,1869,test
modern,tang_bennett,20467,test
classical,kiwujil,1870,train
modern,tang_bennett,20470,train
classical,kiwujil,1871,train
modern,tang_bennett,20471,train
classical,kiwujil,1872,train
modern,tang_bennett,20483,train
classical,kiwujil,1873,test
modern,tang_bennett,20495,test
classical,kiwujil,1874,train
modern,tang_bennett,20500,train
classical,kiwujil,1875,test
modern,tang_bennett,20501,test
classical,kiwujil,1876,train
modern,tang_bennett,20516,train
classical,kiwujil,1877,train
modern,tang_bennett,20529,train
classical,kiwujil,1878,train
modern,tang_bennett,20531,train
classical,kiwujil,1879,test
modern,tang_bennett,20532,test
classical,kiwujil,1880,train
modern,tang_bennett,20540,train
classical,kiwujil,1881,train
modern,tang_bennett,20549,train
classical,kiwujil,1882,train
modern,tang_bennett,20554,train
classical,kiwujil,1883,train
modern,tang_bennett,20563,train
classical,kiwujil,1884,train
modern,tang_bennett,20592,train
classical,kiwujil,1885,train
modern,tang_bennett,20601,train
classical,kiwujil,1886,train
modern,tang_bennett,20611,train
classical,kiwujil,1887,train
modern,tang_bennett,20642,train
classical,kiwujil,1888,train
modern,tang_bennett,20652,train
classical,kiwujil,1889,train
modern,tang_bennett,20665,train
classical,kiwujil,1890,test
modern,tang_bennett,20678,test
classical,kiwujil,1891,train
modern,tang_bennett,20680,train
classical,kiwujil,1892,train
modern,tang_bennett,20719,train
classical,kiwujil,1893,train
modern,tang_bennett,20730,train
classical,kiwujil,1894,train
modern,tang_bennett,20737,train
classical,kiwujil,1895,train
modern,tang_bennett,20741,train
classical,kiwujil,1896,train
modern,tang_bennett,20751,train
classical,kiwujil,1897,train
modern,tang_bennett,20757,train
classical,kiwujil,1898,train
modern,tang_bennett,20768,train
classical,kiwujil,1899,test
modern,tang_bennett,20785,test
classical,kiwujil,1900,train
modern,tang_bennett,20787,train
classical,kiwujil,1901,train
modern,tang_bennett,20789,train
classical,kiwujil,1902,train
modern,tang_bennett,20797,train
classical,kiwujil,1903,train
modern,tang_bennett,20800,train
classical,kiwujil,1904,train
modern,tang_bennett,20816,train
classical,kiwujil,1905,train
modern,tang_bennett,20822,train
classical,kiwujil,1906,train
modern,tang_bennett,20837,train
classical,kiwujil,1907,train
modern,tang_bennett,20843,train
classical,kiwujil,1908,train
modern,tang_bennett,20846,train
classical,kiwujil,1909,train
modern,tang_bennett,20855,train
classical,kiwujil,1910,train
modern,tang_bennett,20857,train
classical,kiwujil,1911,train
modern,tang_bennett,20858,train
classical,kiwujil,1912,test
modern,tang_bennett,20860,test
classical,kiwujil,1913,train
modern,tang_bennett,20870,train
classical,kiwujil,1914,train
modern,tang_bennett,20885,train
classical,kiwujil,1915,test
modern,tang_bennett,20889,test
classical,kiwujil,1916,train
modern,tang_bennett,20890,train
classical,kiwujil,1917,train
modern,tang_bennett,20898,train
classical,kiwujil,1918,train
modern,tang_bennett,20920,train
classical,kiwujil,1919,test
modern,tang_bennett,20923,test
classical,kiwujil,1920,train
modern,tang_bennett,20925,train
classical,kiwujil,1921,train
modern,tang_bennett,20934,train
classical,kiwujil,1922,train
modern,tang_bennett,20941,train
classical,kiwujil,1923,train
modern,tang_bennett,20947,train
classical,kiwujil,1924,test
modern,tang_bennett,20970,test
classical,kiwujil,1925,train
modern,tang_bennett,20975,train
classical,kiwujil,1926,train
modern,tang_bennett,20982,train
classical,kiwujil,1927,train
modern,tang_bennett,20984,train
classical,kiwujil,1928,train
modern,tang_bennett,20985,train
classical,kiwujil,1929,test
modern,tang_bennett,20990,test
classical,kiwujil,1930,test
modern,tang_bennett,20992,test
classical,kiwujil,1931,train
modern,tang_bennett,21014,train
classical,kiwujil,1932,test
modern,tang_bennett,21020,test
classical,kiwujil,1933,test
modern,tang_bennett,21022,test
classical,kiwujil,1934,train
modern,tang_bennett,21027,train
classical,kiwujil,1935,test
modern,tang_bennett,21039,test
classical,kiwujil,1936,train
modern,tang_bennett,21040,train
classical,kiwujil,1937,test
modern,tang_bennett,21060,test
classical,kiwujil,1938,train
modern,tang_bennett,21078,train
classical,kiwujil,1939,train
modern,tang_bennett,21092,train
classical,kiwujil,1940,train
modern,tang_bennett,21126,train
classical,kiwujil,1941,train
modern,tang_bennett,21139,train
classical,kiwujil,1942,train
modern,tang_bennett,21152,train
classical,kiwujil,1943,train
modern,tang_bennett,21155,train
classical,kiwujil,1944,test
modern,tang_bennett,21165,test
classical,kiwujil,1945,train
modern,tang_bennett,21177,train
classical,kiwujil,1946,train
modern,tang_bennett,21185,train
classical,kiwujil,1947,train
modern,tang_bennett,21191,train
classical,kiwujil,1948,train
modern,tang_bennett,21196,train
classical,kiwujil,1949,train
modern,tang_bennett,21197,train
classical,kiwujil,1950,test
modern,tang_bennett,21202,test
classical,kiwujil,1951,train
modern,tang_bennett,21203,train
classical,kiwujil,1952,train
modern,tang_bennett,21226,train
classical,kiwujil,1953,train
modern,tang_bennett,21258,train
classical,kiwujil,1954,train
modern,tang_bennett,21283,train
classical,kiwujil,1955,train
modern,tang_bennett,21296,train
classical,kiwujil,1956,train
modern,tang_bennett,21308,train
classical,kiwujil,1957,train
modern,tang_bennett,21330,train
classical,kiwujil,1958,train
modern,tang_bennett,21332,train
classical,kiwujil,1959,train
modern,tang_bennett,21341,train
classical,kiwujil,1960,train
modern,tang_bennett,21348,train
classical,kiwujil,1961,train
modern,tang_bennett,21349,train
classical,kiwujil,1962,test
modern,tang_bennett,21355,test
classical,kiwujil,1963,train
modern,tang_bennett,21367,train
classical,kiwujil,1964,train
modern,tang_bennett,21377,train
classical,kiwujil,1965,train
modern,tang_bennett,21379,train
classical,kiwujil,1966,test
modern,tang_bennett,21384,test
classical,kiwujil,1967,test
modern,tang_bennett,21415,test
classical,kiwujil,1968,train
modern,tang_bennett,21416,train
classical,kiwujil,1969,train
modern,tang_bennett,21418,train
classical,kiwujil,1970,train
modern,tang_bennett,21422,train
classical,kiwujil,1971,train
modern,tang_bennett,21446,train
classical,kiwujil,1972,train
modern,tang_bennett,21454,train
classical,kiwujil,1973,test
modern,tang_bennett,21456,test
classical,kiwujil,1974,train
modern,tang_bennett,21461,train
classical,kiwujil,1975,train
modern,tang_bennett,21483,train
classical,kiwujil,1976,test
modern,tang_bennett,21490,test
classical,kiwujil,1977,train
modern,tang_bennett,21497,train
classical,kiwujil,1978,train
modern,tang_bennett,21523,train
classical,kiwujil,1979,test
modern,tang_bennett,21536,test
classical,kiwujil,1980,test
modern,tang_bennett,21539,test
classical,kiwujil,1981,test
modern,tang_bennett,21542,test
classical,kiwujil,1982,train
modern,tang_bennett,21544,train
classical,kiwujil,1983,test
modern,tang_bennett,21560,test
classical,kiwujil,1984,train
modern,tang_bennett,21567,train
classical,kiwujil,1985,train
modern,tang_bennett,21575,train
classical,kiwujil,1986,train
modern,tang_bennett,21614,train
classical,kiwujil,1987,test
modern,tang_bennett,21615,test
classical,kiwujil,1988,train
modern,tang_bennett,21646,train
classical,kiwujil,1989,train
modern,tang_bennett,21652,train
classical,kiwujil,1990,test
modern,tang_bennett,21654,test
classical,kiwujil,1991,train
modern,tang_bennett,21663,train
classical,kiwujil,1992,train
modern,tang_bennett,21667,train
classical,kiwujil,1993,train
modern,tang_bennett,21673,train
classical,kiwujil,1994,test
modern,tang_bennett,21690,test
classical,kiwujil,1995,train
modern,tang_bennett,21753,train
classical,kiwujil,1996,train
modern,tang_bennett,21762,train
classical,kiwujil,1997,train
modern,tang_bennett,21776,train
classical,kiwujil,1998,train
modern,tang_bennett,21791,train
classical,kiwujil,1999,train
modern,tang_bennett,21793,train
classical,kiwujil,2000,test
modern,tang_bennett,21802,test
classical,kiwujil,2001,train
modern,tang_bennett,21805,train
classical,kiwujil,2002,train
modern,tang_bennett,21829,train
classical,kiwujil,2003,test
modern,tang_bennett,21839,test
classical,kiwujil,2004,train
modern,tang_bennett,21842,train
classical,kiwujil,2005,train
modern,tang_bennett,21846,train
classical,kiwujil,2006,train
modern,tang_bennett,21887,train
classical,kiwujil,2007,train
modern,tang_bennett,21907,train
classical,kiwujil,2008,train
modern,tang_bennett,21908,train
classical,kiwujil,2009,test
modern,tang_bennett,21912,test
classical,kiwujil,2010,train
modern,tang_bennett,21927,train
classical,kiwujil,2011,test
modern,tang_bennett,21928,test
classical,kiwujil,2012,train
modern,tang_bennett,21937,train
classical,kiwujil,2013,train
modern,tang_bennett,21945,train
classical,kiwujil,2014,train
modern,tang_bennett,21954,train
classical,kiwujil,2015,test
modern,tang_bennett,21956,test
classical,kiwujil,2016,test
modern,tang_bennett,21965,test
classical,kiwujil,2017,train
modern,tang_bennett,21983,train
classical,kiwujil,2018,train
modern,tang_bennett,21985,train
classical,kiwujil,2019,train
modern,tang_bennett,22023,train
classical,kiwujil,2020,train
modern,tang_bennett,22034,train
classical,kiwujil,2021,train
modern,tang_bennett,22038,train
classical,kiwujil,2022,test
modern,tang_bennett,22043,test
classical,kiwujil,2023,train
modern,tang_bennett,22044,train
classical,kiwujil,2024,train
modern,tang_bennett,22047,train
classical,kiwujil,2025,train
modern,tang_bennett,22055,train
classical,kiwujil,2026,train
modern,tang_bennett,22060,train
classical,kiwujil,2027,train
modern,tang_bennett,22069,train
classical,kiwujil,2028,train
modern,tang_bennett,22078,train
classical,kiwujil,2029,train
modern,tang_bennett,22079,train
classical,kiwujil,2030,train
modern,tang_bennett,22087,train
classical,kiwujil,2031,train
modern,tang_bennett,22088,train
classical,kiwujil,2032,train
modern,tang_bennett,22126,train
classical,kiwujil,2033,train
modern,tang_bennett,22156,train
classical,kiwujil,2034,test
modern,tang_bennett,22174,test
classical,kiwujil,2035,train
modern,tang_bennett,22184,train
classical,kiwujil,2036,train
modern,tang_bennett,22211,train
classical,kiwujil,2037,train
modern,tang_bennett,22234,train
classical,kiwujil,2038,train
modern,tang_bennett,22242,train
classical,kiwujil,2039,train
modern,tang_bennett,22248,train
classical,kiwujil,2040,train
modern,tang_bennett,22272,train
classical,kiwujil,2041,train
modern,tang_bennett,22283,train
classical,kiwujil,2042,train
modern,tang_bennett,22287,train
classical,kiwujil,2043,train
modern,tang_bennett,22295,train
classical,kiwujil,2044,train
modern,tang_bennett,22308,train
classical,kiwujil,2045,train
modern,tang_bennett,22336,train
classical,kiwujil,2046,train
modern,tang_bennett,22377,train
classical,kiwujil,2047,test
modern,tang_bennett,22393,test
classical,kiwujil,2048,test
modern,tang_bennett,22431,test
classical,kiwujil,2049,train
modern,tang_bennett,22440,train
classical,kiwujil,2050,train
modern,tang_bennett,22457,train
classical,kiwujil,2051,train
modern,tang_bennett,22491,train
classical,kiwujil,2052,train
modern,tang_bennett,22495,train
classical,kiwujil,2053,train
modern,tang_bennett,22500,train
classical,kiwujil,2054,train
modern,tang_bennett,22527,train
classical,kiwujil,2055,train
modern,tang_bennett,22533,train
classical,kiwujil,2056,test
modern,tang_bennett,22543,test
classical,kiwujil,2057,test
modern,tang_bennett,22550,test
classical,kiwujil,2058,train
modern,tang_bennett,22565,train
classical,kiwujil,2059,train
modern,tang_bennett,22599,train
classical,kiwujil,2060,train
modern,tang_bennett,22606,train
classical,kiwujil,2061,train
modern,tang_bennett,22609,train
classical,kiwujil,2062,test
modern,tang_bennett,22616,test
classical,kiwujil,2063,train
modern,tang_bennett,22647,train
classical,kiwujil,2064,train
modern,tang_bennett,22673,train
classical,kiwujil,2065,train
modern,tang_bennett,22684,train
classical,kiwujil,2066,train
modern,tang_bennett,22687,train
classical,kiwujil,2067,train
modern,tang_bennett,22691,train
classical,kiwujil,2068,train
modern,tang_bennett,22693,train
classical,kiwujil,2069,train
modern,tang_bennett,22722,train
classical,kiwujil,2070,train
modern,tang_bennett,22738,train
classical,kiwujil,2071,train
modern,tang_bennett,22739,train
classical,kiwujil,2072,train
modern,tang_bennett,22744,train
classical,kiwujil,2073,test
modern,tang_bennett,22746,test
classical,kiwujil,2074,train
modern,tang_bennett,22752,train
classical,kiwujil,2075,train
modern,tang_bennett,22754,train
classical,kiwujil,2076,train
modern,tang_bennett,22762,train
classical,kiwujil,2077,test
modern,tang_bennett,22765,test
classical,kiwujil,2078,train
modern,tang_bennett,22770,train
classical,kiwujil,2079,train
modern,tang_bennett,22777,train
classical,kiwujil,2080,train
modern,tang_bennett,22786,train
classical,kiwujil,2081,train
modern,tang_bennett,22787,train
classical,kiwujil,2082,test
modern,tang_bennett,22796,test
classical,kiwujil,2083,train
modern,tang_bennett,22813,train
classical,kiwujil,2084,train
modern,tang_bennett,22821,train
classical,kiwujil,2085,test
modern,tang_bennett,22824,test
classical,kiwujil,2086,test
modern,tang_bennett,22839,test
classical,kiwujil,2087,train
modern,tang_bennett,22843,train
classical,kiwujil,2088,train
modern,tang_bennett,22846,train
classical,kiwujil,2089,train
modern,tang_bennett,22850,train
classical,kiwujil,2090,train
modern,tang_bennett,22851,train
classical,kiwujil,2091,train
modern,tang_bennett,22857,train
classical,kiwujil,2092,test
modern,tang_bennett,22866,test
classical,kiwujil,2093,train
modern,tang_bennett,22879,train
classical,kiwujil,2094,train
modern,tang_bennett,22883,train
classical,kiwujil,2095,train
modern,tang_bennett,22892,train
classical,kiwujil,2096,train
modern,tang_bennett,22895,train
classical,kiwujil,2097,train
modern,tang_bennett,22915,train
classical,kiwujil,2098,train
modern,tang_bennett,22926,train
classical,kiwujil,2099,train
modern,tang_bennett,22945,train
classical,kiwujil,2100,train
modern,tang_bennett,22951,train
classical,kiwujil,2101,train
modern,tang_bennett,22965,train
classical,kiwujil,2102,test
modern,tang_bennett,22984,test
classical,kiwujil,2103,train
modern,tang_bennett,22985,train
classical,kiwujil,2104,train
modern,tang_bennett,22992,train
classical,kiwujil,2105,train
modern,tang_bennett,23030,train
classical,kiwujil,2106,train
modern,tang_bennett,23042,train
classical,kiwujil,2107,train
modern,tang_bennett,23049,train
classical,kiwujil,2108,train
modern,tang_bennett,23069,train
classical,kiwujil,2109,train
modern,tang_bennett,23076,train
classical,kiwujil,2110,train
modern,tang_bennett,23097,train
classical,kiwujil,2111,train
modern,tang_bennett,23100,train
classical,kiwujil,2112,test
modern,tang_bennett,23103,test
classical,kiwujil,2113,test
modern,tang_bennett,23107,test
classical,kiwujil,2114,train
modern,tang_bennett,23108,train
classical,kiwujil,2115,train
modern,tang_bennett,23111,train
classical,kiwujil,2116,train
modern,tang_bennett,23123,train
classical,kiwujil,2117,test
modern,tang_bennett,23135,test
classical,kiwujil,2118,test
modern,tang_bennett,23144,test
classical,kiwujil,2119,train
modern,tang_bennett,23152,train
classical,kiwujil,2120,train
modern,tang_bennett,23158,train
classical,kiwujil,2121,train
modern,tang_bennett,23160,train
classical,kiwujil,2122,train
modern,tang_bennett,23166,train
classical,kiwujil,2123,train
modern,tang_bennett,23167,train
classical,kiwujil,2124,test
modern,tang_bennett,23179,test
classical,kiwujil,2125,train
modern,tang_bennett,23189,train
classical,kiwujil,2126,train
modern,tang_bennett,23195,train
classical,kiwujil,2127,test
modern,tang_bennett,23197,test
classical,kiwujil,2128,train
modern,tang_bennett,23200,train
classical,kiwujil,2129,train
modern,tang_bennett,23201,train
classical,kiwujil,2130,train
modern,tang_bennett,23204,train
classical,kiwujil,2131,test
modern,tang_bennett,23205,test
classical,kiwujil,2132,train
modern,tang_bennett,23213,train
classical,kiwujil,2133,train
modern,tang_bennett,23216,train
classical,kiwujil,2134,train
modern,tang_bennett,23219,train
classical,kiwujil,2135,test
modern,tang_bennett,23243,test
classical,kiwujil,2136,train
modern,tang_bennett,23250,train
classical,kiwujil,2137,train
modern,tang_bennett,23258,train
classical,kiwujil,2138,test
modern,tang_bennett,23260,test
classical,kiwujil,2139,train
modern,tang_bennett,23263,train
classical,kiwujil,2140,test
modern,tang_bennett,23268,test
classical,kiwujil,2141,train
modern,tang_bennett,23285,train
classical,kiwujil,2142,train
modern,tang_bennett,23306,train
classical,kiwujil,2143,train
modern,tang_bennett,23319,train
classical,kiwujil,2144,train
modern,tang_bennett,23332,train
classical,kiwujil,2145,train
modern,tang_bennett,23353,train
classical,kiwujil,2146,train
modern,tang_bennett,23356,train
classical,kiwujil,2147,train
modern,tang_bennett,23377,train
classical,kiwujil,2148,train
modern,tang_bennett,23390,train
classical,kiwujil,2149,train
modern,tang_bennett,23394,train
classical,kiwujil,2150,test
modern,tang_bennett,23400,test
classical,kiwujil,2151,train
modern,tang_bennett,23413,train
classical,kiwujil,2152,train
modern,tang_bennett,23415,train
classical,kiwujil,2153,train
modern,tang_bennett,23446,train
classical,kiwujil,2154,train
modern,tang_bennett,23452,train
classical,kiwujil,2155,train
modern,tang_bennett,23453,train
classical,kiwujil,2156,train
modern,tang_bennett,23454,train
classical,kiwujil,2157,train
modern,tang_bennett,23456,train
classical,kiwujil,2158,test
modern,tang_bennett,23461,test
classical,kiwujil,2159,test
modern,tang_bennett,23474,test
classical,kiwujil,2160,train
modern,tang_bennett,23475,train
classical,kiwujil,2161,train
modern,tang_bennett,23482,train
classical,kiwujil,2162,train
modern,tang_bennett,23484,train
classical,kiwujil,2163,train
modern,tang_bennett,23488,train
classical,kiwujil,2164,train
modern,tang_bennett,23529,train
classical,kiwujil,2165,train
modern,tang_bennett,23535,train
classical,kiwujil,2166,train
modern,tang_bennett,23543,train
classical,kiwujil,2167,test
modern,tang_bennett,23554,test
classical,kiwujil,2168,train
modern,tang_bennett,23556,train
classical,kiwujil,2169,train
modern,tang_bennett,23558,train
classical,kiwujil,2170,train
modern,tang_bennett,23572,train
classical,kiwujil,2171,test
modern,tang_bennett,23575,test
classical,kiwujil,2172,train
modern,tang_bennett,23601,train
classical,kiwujil,2173,train
modern,tang_bennett,23617,train
classical,kiwujil,2174,test
modern,tang_bennett,23624,test
classical,kiwujil,2175,train
modern,tang_bennett,23630,train
classical,kiwujil,2176,train
modern,tang_bennett,23649,train
classical,kiwujil,2177,train
modern,tang_bennett,23650,train
classical,kiwujil,2178,train
modern,tang_bennett,23657,train
classical,kiwujil,2179,train
modern,tang_bennett,23669,train
classical,kiwujil,2180,test
modern,tang_bennett,23670,test
classical,kiwujil,2181,train
modern,tang_bennett,23676,train
classical,kiwujil,2182,train
modern,tang_bennett,23693,train
classical,kiwujil,2183,test
modern,tang_bennett,23694,test
classical,kiwujil,2184,train
modern,tang_bennett,23696,train
classical,kiwujil,2185,train
modern,tang_bennett,23703,train
classical,kiwujil,2186,test
modern,tang_bennett,23726,test
classical,kiwujil,2187,test
modern,tang_bennett,23746,test
classical,kiwujil,2188,test
modern,tang_bennett,23751,test
classical,kiwujil,2189,train
modern,tang_bennett,23769,train
classical,kiwujil,2190,test
modern,tang_bennett,23791,test
classical,kiwujil,2191,train
modern,tang_bennett,23804,train
classical,kiwujil,2192,train
modern,tang_bennett,23822,train
classical,kiwujil,2193,train
modern,tang_bennett,23823,train
classical,kiwujil,2194,train
modern,tang_bennett,23828,train
classical,kiwujil,2195,train
modern,tang_bennett,23845,train
classical,kiwujil,2196,test
modern,tang_bennett,23867,test
classical,kiwujil,2197,train
modern,tang_bennett,23868,train
classical,kiwujil,2198,test
modern,tang_bennett,23886,test
classical,kiwujil,2199,train
modern,tang_bennett,23891,train
classical,kiwujil,2200,test
modern,tang_bennett,23949,test
classical,kiwujil,2201,train
modern,tang_bennett,23950,train
classical,kiwujil,2202,train
modern,tang_bennett,23952,train
classical,kiwujil,2203,train
modern,tang_bennett,23953,train
classical,kiwujil,2204,test
modern,tang_bennett,23955,test
classical,kiwujil,2205,train
modern,tang_bennett,23959,train
classical,kiwujil,2206,train
modern,tang_bennett,23982,train
classical,kiwujil,2207,train
modern,tang_bennett,23992,train
classical,kiwujil,2208,train
modern,tang_bennett,24012,train
classical,kiwujil,2209,train
modern,tang_bennett,24013,train
classical,kiwujil,2210,train
modern,tang_bennett,24015,train
classical,kiwujil,2211,train
modern,tang_bennett,24060,train
classical,kiwujil,2212,train
modern,tang_bennett,24076,train
classical,kiwujil,2213,train
modern,tang_bennett,24088,train
classical,kiwujil,2214,train
modern,tang_bennett,24091,train
classical,kiwujil,2215,train
modern,tang_bennett,24098,train
classical,kiwujil,2216,train
modern,tang_bennett,24104,train
classical,kiwujil,2217,test
modern,tang_bennett,24105,test
classical,kiwujil,2218,train
modern,tang_bennett,24108,train
classical,kiwujil,2219,train
modern,tang_bennett,24121,train
classical,kiwujil,2220,train
modern,tang_bennett,24123,train
classical,kiwujil,2221,train
modern,tang_bennett,24130,train
classical,kiwujil,2222,test
modern,tang_bennett,24162,test
classical,kiwujil,2223,train
modern,tang_bennett,24183,train
classical,kiwujil,2224,test
modern,tang_bennett,24189,test
classical,kiwujil,2225,train
modern,tang_bennett,24204,train
classical,kiwujil,2226,train
modern,tang_bennett,24236,train
classical,kiwujil,2227,test
modern,tang_bennett,24241,test
classical,kiwujil,2228,test
modern,tang_bennett,24252,test
classical,kiwujil,2229,train
modern,tang_bennett,24269,train
classical,kiwujil,2230,test
modern,tang_bennett,24271,test
classical,kiwujil,2231,train
modern,tang_bennett,24273,train
classical,kiwujil,2232,train
modern,tang_bennett,24276,train
classical,kiwujil,2233,train
modern,tang_bennett,24292,train
classical,kiwujil,2234,train
modern,tang_bennett,24294,train
classical,kiwujil,2235,test
modern,tang_bennett,24305,test
classical,kiwujil,2236,train
modern,tang_bennett,24310,train
classical,kiwujil,2237,train
modern,tang_bennett,24326,train
classical,kiwujil,2238,train
modern,tang_bennett,24337,train
classical,kiwujil,2239,train
modern,tang_bennett,24344,train
classical,kiwujil,2240,test
modern,tang_bennett,24345,test
classical,kiwujil,2241,train
modern,tang_bennett,24348,train
classical,kiwujil,2242,test
modern,tang_bennett,24360,test
classical,kiwujil,2243,train
modern,tang_bennett,24363,train
classical,kiwujil,2244,test
modern,tang_bennett,24364,test
classical,kiwujil,2245,train
modern,tang_bennett,24365,train
classical,kiwujil,2246,train
modern,tang_bennett,24373,train
classical,kiwujil,2247,train
modern,tang_bennett,24404,train
classical,kiwujil,2248,train
modern,tang_bennett,24427,train
classical,kiwujil,2249,train
modern,tang_bennett,24429,train
classical,kiwujil,2250,test
modern,tang_bennett,24430,test
classical,kiwujil,2251,train
modern,tang_bennett,24431,train
classical,kiwujil,2252,train
modern,tang_bennett,24436,train
classical,kiwujil,2253,train
modern,tang_bennett,24437,train
classical,kiwujil,2254,train
modern,tang_bennett,24449,train
classical,kiwujil,2255,test
modern,tang_bennett,24469,test
classical,kiwujil,2256,train
modern,tang_bennett,24473,train
classical,kiwujil,2257,train
modern,tang_bennett,24507,train
classical,kiwujil,2258,train
modern,tang_bennett,24515,train
classical,kiwujil,2259,train
modern,tang_bennett,24518,train
classical,kiwujil,2260,train
modern,tang_bennett,24522,train
classical,kiwujil,2261,train
modern,tang_bennett,24534,train
classical,kiwujil,2262,train
modern,tang_bennett,24543,train
classical,kiwujil,2263,train
modern,tang_bennett,24557,train
classical,kiwujil,2264,train
modern,tang_bennett,24558,train
classical,kiwujil,2265,train
modern,tang_bennett,24561,train
classical,kiwujil,2266,train
modern,tang_bennett,24581,train
classical,kiwujil,2267,train
modern,tang_bennett,24614,train
classical,kiwujil,2268,train
modern,tang_bennett,24622,train
classical,kiwujil,2269,train
modern,tang_bennett,24628,train
classical,kiwujil,2270,train
modern,tang_bennett,24636,train
classical,kiwujil,2271,train
modern,tang_bennett,24637,train
classical,kiwujil,2272,train
modern,tang_bennett,24643,train
classical,kiwujil,2273,train
modern,tang_bennett,24644,train
classical,kiwujil,2274,train
modern,tang_bennett,24653,train
classical,kiwujil,2275,train
modern,tang_bennett,24664,train
classical,kiwujil,2276,train
modern,tang_bennett,24696,train
classical,kiwujil,2277,test
modern,tang_bennett,24699,test
classical,kiwujil,2278,train
modern,tang_bennett,24704,train
classical,kiwujil,2279,train
modern,tang_bennett,24721,train
classical,kiwujil,2280,train
modern,tang_bennett,24730,train
classical,kiwujil,2281,train
modern,tang_bennett,24802,train
classical,kiwujil,2282,train
modern,tang_bennett,24807,train
classical,kiwujil,2283,test
modern,tang_bennett,24829,test
classical,kiwujil,2284,test
modern,tang_bennett,24846,test
classical,kiwujil,2285,train
modern,tang_bennett,24850,train
classical,kiwujil,2286,train
modern,tang_bennett,24866,train
classical,kiwujil,2287,train
modern,tang_bennett,24871,train
classical,kiwujil,2288,train
modern,tang_bennett,24873,train
classical,kiwujil,2289,train
modern,tang_bennett,24874,train
classical,kiwujil,2290,train
modern,tang_bennett,24885,train
classical,kiwujil,2291,train
modern,tang_bennett,24897,train
classical,kiwujil,2292,train
modern,tang_bennett,24900,train
classical,kiwujil,2293,train
modern,tang_bennett,24908,train
classical,kiwujil,2294,train
modern,tang_bennett,24910,train
classical,kiwujil,2295,train
modern,tang_bennett,24922,train
classical,kiwujil,2296,train
modern,tang_bennett,24927,train
classical,kiwujil,2297,train
modern,tang_bennett,24948,train
classical,kiwujil,2298,train
modern,tang_bennett,24956,train
classical,kiwujil,2299,train
modern,tang_bennett,24960,train
classical,kiwujil,2300,train
modern,tang_bennett,24971,train
classical,kiwujil,2301,test
modern,tang_bennett,24982,test
classical,kiwujil,2302,train
modern,tang_bennett,24988,train
classical,kiwujil,2303,train
modern,tang_bennett,24991,train
classical,kiwujil,2304,test
modern,tang_bennett,25021,test
classical,kiwujil,2305,train
modern,tang_bennett,25048,train
classical,kiwujil,2306,train
modern,tang_bennett,25051,train
classical,kiwujil,2307,train
modern,tang_bennett,25052,train
classical,kiwujil,2308,train
modern,tang_bennett,25056,train
classical,kiwujil,2309,train
modern,tang_bennett,25062,train
classical,kiwujil,2310,train
modern,tang_bennett,25067,train
classical,kiwujil,2311,train
modern,tang_bennett,25069,train
classical,kiwujil,2312,train
modern,tang_bennett,25075,train
classical,kiwujil,2313,train
modern,tang_bennett,25077,train
classical,kiwujil,2314,train
modern,tang_bennett,25084,train
classical,kiwujil,2315,train
modern,tang_bennett,25085,train
classical,kiwujil,2316,train
modern,tang_bennett,25099,train
classical,kiwujil,2317,train
modern,tang_bennett,25100,train
classical,kiwujil,2318,test
modern,tang_bennett,25101,test
classical,kiwujil,2319,train
modern,tang_bennett,25102,train
classical,kiwujil,2320,test
modern,tang_bennett,25103,test
classical,kiwujil,2321,train
modern,tang_bennett,25104,train
classical,kiwujil,2322,test
modern,tang_bennett,25115,test
classical,kiwujil,2323,train
modern,tang_bennett,25133,train
classical,kiwujil,2324,test
modern,tang_bennett,25134,test
classical,kiwujil,2325,train
modern,tang_bennett,25135,train
classical,kiwujil,2326,train
modern,tang_bennett,25165,train
classical,kiwujil,2327,train
modern,tang_bennett,25185,train
classical,kiwujil,2328,train
modern,tang_bennett,25190,train
classical,kiwujil,2329,train
modern,tang_bennett,25206,train
classical,kiwujil,2330,train
modern,tang_bennett,25213,train
classical,kiwujil,2331,test
modern,tang_bennett,25215,test
classical,kiwujil,2332,train
modern,tang_bennett,25244,train
classical,kiwujil,2333,test
modern,tang_bennett,25247,test
classical,kiwujil,2334,test
modern,tang_bennett,25249,test
classical,kiwujil,2335,train
modern,tang_bennett,25258,train
classical,kiwujil,2336,train
modern,tang_bennett,25260,train
classical,kiwujil,2337,train
modern,tang_bennett,25261,train
classical,kiwujil,2338,train
modern,tang_bennett,25284,train
classical,kiwujil,2339,train
modern,tang_bennett,25285,train
classical,kiwujil,2340,test
modern,tang_bennett,25305,test
classical,kiwujil,2341,train
modern,tang_bennett,25333,train
classical,kiwujil,2342,train
modern,tang_bennett,25345,train
classical,kiwujil,2343,test
modern,tang_bennett,25363,test
classical,kiwujil,2344,train
modern,tang_bennett,25368,train
classical,kiwujil,2345,test
modern,tang_bennett,25369,test
classical,kiwujil,2346,train
modern,tang_bennett,25380,train
classical,kiwujil,2347,train
modern,tang_bennett,25412,train
classical,kiwujil,2348,train
modern,tang_bennett,25446,train
classical,kiwujil,2349,train
modern,tang_bennett,25448,train
classical,kiwujil,2350,train
modern,tang_bennett,25459,train
classical,kiwujil,2351,train
modern,tang_bennett,25467,train
classical,kiwujil,2352,train
modern,tang_bennett,25471,train
classical,kiwujil,2353,train
modern,tang_bennett,25474,train
classical,kiwujil,2354,train
modern,tang_bennett,25479,train
classical,kiwujil,2355,test
modern,tang_bennett,25482,test
classical,kiwujil,2356,train
modern,tang_bennett,25487,train
classical,kiwujil,2357,train
modern,tang_bennett,25498,train
classical,kiwujil,2358,train
modern,tang_bennett,25499,train
classical,kiwujil,2359,train
modern,tang_bennett,25546,train
classical,kiwujil,2360,train
modern,tang_bennett,25547,train
classical,kiwujil,2361,test
modern,tang_bennett,25548,test
classical,kiwujil,2362,train
modern,tang_bennett,25550,train
classical,kiwujil,2363,train
modern,tang_bennett,25562,train
classical,kiwujil,2364,train
modern,tang_bennett,25570,train
classical,kiwujil,2365,train
modern,tang_bennett,25591,train
classical,kiwujil,2366,train
modern,tang_bennett,25594,train
classical,kiwujil,2367,test
modern,tang_bennett,25602,test
classical,kiwujil,2368,train
modern,tang_bennett,25603,train
classical,kiwujil,2369,train
modern,tang_bennett,25608,train
classical,kiwujil,2370,test
modern,tang_bennett,25611,test
classical,kiwujil,2371,train
modern,tang_bennett,25612,train
classical,kiwujil,2372,test
modern,tang_bennett,25632,test
classical,kiwujil,2373,train
modern,tang_bennett,25662,train
classical,kiwujil,2374,test
modern,tang_bennett,25668,test
classical,kiwujil,2375,train
modern,tang_bennett,25669,train
classical,kiwujil,2376,test
modern,tang_bennett,25670,test
classical,kiwujil,2377,train
modern,tang_bennett,25688,train
classical,kiwujil,2378,train
modern,tang_bennett,25704,train
classical,kiwujil,2379,train
modern,tang_bennett,25715,train
classical,kiwujil,2380,train
modern,tang_bennett,25716,train
classical,kiwujil,2381,train
modern,tang_bennett,25720,train
classical,kiwujil,2382,train
modern,tang_bennett,25777,train
classical,kiwujil,2383,test
modern,tang_bennett,25787,test
classical,kiwujil,2384,train
modern,tang_bennett,25790,train
classical,kiwujil,2385,train
modern,tang_bennett,25795,train
classical,kiwujil,2386,train
modern,tang_bennett,25796,train
classical,kiwujil,2387,train
modern,tang_bennett,25806,train
classical,kiwujil,2388,test
modern,tang_bennett,25807,test
classical,kiwujil,2389,train
modern,tang_bennett,25813,train
classical,kiwujil,2390,train
modern,tang_bennett,25817,train
classical,kiwujil,2391,train
modern,tang_bennett,25818,train
classical,kiwujil,2392,test
modern,tang_bennett,25847,test
classical,kiwujil,2393,train
modern,tang_bennett,25859,train
classical,kiwujil,2394,test
modern,tang_bennett,25878,test
classical,kiwujil,2395,train
modern,tang_bennett,25904,train
classical,kiwujil,2396,test
modern,tang_bennett,25920,test
classical,kiwujil,2397,train
modern,tang_bennett,25936,train
classical,kiwujil,2398,train
modern,tang_bennett,25966,train
classical,kiwujil,2399,train
modern,tang_bennett,25968,train
classical,kiwujil,2400,train
modern,tang_bennett,25991,train
classical,kiwujil,2401,train
modern,tang_bennett,26007,train
classical,kiwujil,2402,train
modern,tang_bennett,26017,train
classical,kiwujil,2403,train
modern,tang_bennett,26019,train
classical,kiwujil,2404,train
modern,tang_bennett,26024,train
classical,kiwujil,2405,train
modern,tang_bennett,26029,train
classical,kiwujil,2406,train
modern,tang_bennett,26034,train
classical,kiwujil,2407,train
modern,tang_bennett,26099,train
classical,kiwujil,2408,train
modern,tang_bennett,26111,train
classical,kiwujil,2409,train
modern,tang_bennett,26137,train
classical,kiwujil,2410,train
modern,tang_bennett,26160,train
classical,kiwujil,2411,train
modern,tang_bennett,26168,train
classical,kiwujil,2412,train
modern,tang_bennett,26192,train
classical,kiwujil,2413,train
modern,tang_bennett,26195,train
classical,kiwujil,2414,train
modern,tang_bennett,26204,train
classical,kiwujil,2415,train
modern,tang_bennett,26214,train
classical,kiwujil,2416,train
modern,tang_bennett,26221,train
classical,kiwujil,2417,test
modern,tang_bennett,26227,test
classical,kiwujil,2418,test
modern,tang_bennett,26237,test
classical,kiwujil,2419,train
modern,tang_bennett,26238,train
classical,kiwujil,2420,train
modern,tang_bennett,26242,train
classical,kiwujil,2421,train
modern,tang_bennett,26259,train
classical,kiwujil,2422,train
modern,tang_bennett,26265,train
classical,kiwujil,2423,train
modern,tang_bennett,26267,train
classical,kiwujil,2424,train
modern,tang_bennett,26274,train
classical,kiwujil,2425,test
modern,tang_bennett,26308,test
classical,kiwujil,2426,train
modern,tang_bennett,26309,train
classical,kiwujil,2427,train
modern,tang_bennett,26361,train
classical,kiwujil,2428,test
modern,tang_bennett,26384,test
classical,kiwujil,2429,test
modern,tang_bennett,26392,test
classical,kiwujil,2430,train
modern,tang_bennett,26412,train
classical,kiwujil,2431,train
modern,tang_bennett,26417,train
classical,kiwujil,2432,train
modern,tang_bennett,26435,train
classical,kiwujil,2433,train
modern,tang_bennett,26437,train
classical,kiwujil,2434,train
modern,tang_bennett,26455,train
classical,kiwujil,2435,test
modern,tang_bennett,26460,test
classical,kiwujil,2436,train
modern,tang_bennett,26504,train
classical,kiwujil,2437,train
modern,tang_bennett,26506,train
classical,kiwujil,2438,train
modern,tang_bennett,26508,train
classical,kiwujil,2439,train
modern,tang_bennett,26520,train
classical,kiwujil,2440,test
modern,tang_bennett,26538,test
classical,kiwujil,2441,test
modern,tang_bennett,26544,test
classical,kiwujil,2442,test
modern,tang_bennett,26545,test
classical,kiwujil,2443,train
modern,tang_bennett,26550,train
classical,kiwujil,2444,train
modern,tang_bennett,26551,train
classical,kiwujil,2445,train
modern,tang_bennett,26558,train
classical,kiwujil,2446,train
modern,tang_bennett,26564,train
classical,kiwujil,2447,train
modern,tang_bennett,26568,train
classical,kiwujil,2448,train
modern,tang_bennett,26579,train
classical,kiwujil,2449,train
modern,tang_bennett,26592,train
classical,kiwujil,2450,train
modern,tang_bennett,26643,train
classical,kiwujil,2451,train
modern,tang_bennett,26656,train
classical,kiwujil,2452,train
modern,tang_bennett,26664,train
classical,kiwujil,2453,train
modern,tang_bennett,26667,train
classical,kiwujil,2454,train
modern,tang_bennett,26679,train
classical,kiwujil,2455,train
modern,tang_bennett,26684,train
classical,kiwujil,2456,test
modern,tang_bennett,26698,test
classical,kiwujil,2457,test
modern,tang_bennett,26710,test
classical,kiwujil,2458,train
modern,tang_bennett,26711,train
classical,kiwujil,2459,train
modern,tang_bennett,26713,train
classical,kiwujil,2460,test
modern,tang_bennett,26721,test
classical,kiwujil,2461,test
modern,tang_bennett,26736,test
classical,kiwujil,2462,train
modern,tang_bennett,26737,train
classical,kiwujil,2463,train
modern,tang_bennett,26751,train
classical,kiwujil,2464,train
modern,tang_bennett,26761,train
classical,kiwujil,2465,test
modern,tang_bennett,26784,test
classical,kiwujil,2466,train
modern,tang_bennett,26796,train
classical,kiwujil,2467,train
modern,tang_bennett,26818,train
classical,kiwujil,2468,test
modern,tang_bennett,26822,test
classical,kiwujil,2469,train
modern,tang_bennett,26826,train
classical,kiwujil,2470,train
modern,tang_bennett,26833,train
classical,kiwujil,2471,train
modern,tang_bennett,26839,train
classical,kiwujil,2472,train
modern,tang_bennett,26843,train
classical,kiwujil,2473,train
modern,tang_bennett,26860,train
classical,kiwujil,2474,test
modern,tang_bennett,26876,test
classical,kiwujil,2475,train
modern,tang_bennett,26895,train
classical,kiwujil,2476,train
modern,tang_bennett,26921,train
classical,kiwujil,2477,train
modern,tang_bennett,26923,train
classical,kiwujil,2478,train
modern,tang_bennett,26950,train
classical,kiwujil,2479,train
modern,tang_bennett,26953,train
classical,kiwujil,2480,test
modern,tang_bennett,26977,test
classical,kiwujil,2481,train
modern,tang_bennett,26979,train
classical,kiwujil,2482,train
modern,tang_bennett,26981,train
classical,kiwujil,2483,train
modern,tang_bennett,26988,train
classical,kiwujil,2484,train
modern,tang_bennett,26989,train
classical,kiwujil,2485,train
modern,tang_bennett,26998,train
classical,kiwujil,2486,train
modern,tang_bennett,27002,train
classical,kiwujil,2487,test
modern,tang_bennett,27011,test
classical,kiwujil,2488,train
modern,tang_bennett,27012,train
classical,kiwujil,2489,train
modern,tang_bennett,27021,train
classical,kiwujil,2490,train
modern,tang_bennett,27039,train
classical,kiwujil,2491,train
modern,tang_bennett,27042,train
classical,kiwujil,2492,train
modern,tang_bennett,27044,train
classical,kiwujil,2493,test
modern,tang_bennett,27059,test
classical,kiwujil,2494,train
modern,tang_bennett,27069,train
classical,kiwujil,2495,train
modern,tang_bennett,27076,train
classical,kiwujil,2496,train
modern,tang_bennett,27083,train
classical,kiwujil,2497,train
modern,tang_bennett,27087,train
classical,kiwujil,2498,train
modern,tang_bennett,27093,train
classical,kiwujil,2499,train
modern,tang_bennett,27111,train
classical,kiwujil,2500,train
modern,tang_bennett,27116,train
classical,kiwujil,2501,train
modern,tang_bennett,27159,train
classical,kiwujil,2502,train
modern,tang_bennett,27160,train
classical,kiwujil,2503,test
modern,tang_bennett,27163,test
classical,kiwujil,2504,train
modern,tang_bennett,27172,train
classical,kiwujil,2505,train
modern,tang_bennett,27180,train
classical,kiwujil,2506,train
modern,tang_bennett,27182,train
classical,kiwujil,2507,test
modern,tang_bennett,27188,test
classical,kiwujil,2508,train
modern,tang_bennett,27199,train
classical,kiwujil,2509,train
modern,tang_bennett,27201,train
classical,kiwujil,2510,train
modern,tang_bennett,27248,train
classical,kiwujil,2511,train
modern,tang_bennett,27266,train
classical,kiwujil,2512,train
modern,tang_bennett,27294,train
classical,kiwujil,2513,train
modern,tang_bennett,27296,train
classical,kiwujil,2514,test
modern,tang_bennett,27315,test
classical,kiwujil,2515,train
modern,tang_bennett,27336,train
classical,kiwujil,2516,train
modern,tang_bennett,27359,train
classical,kiwujil,2517,train
modern,tang_bennett,27360,train
classical,kiwujil,2518,train
modern,tang_bennett,27402,train
classical,kiwujil,2519,train
modern,tang_bennett,27411,train
classical,kiwujil,2520,test
modern,tang_bennett,27421,test
classical,kiwujil,2521,train
modern,tang_bennett,27425,train
classical,kiwujil,2522,train
modern,tang_bennett,27426,train
classical,kiwujil,2523,train
modern,tang_bennett,27464,train
classical,kiwujil,2524,train
modern,tang_bennett,27465,train
classical,kiwujil,2525,train
modern,tang_bennett,27466,train
classical,kiwujil,2526,train
modern,tang_bennett,27489,train
classical,kiwujil,2527,train
modern,tang_bennett,27495,train
classical,kiwujil,2528,train
modern,tang_bennett,27496,train
classical,kiwujil,2529,train
modern,tang_bennett,27512,train
classical,kiwujil,2530,train
modern,tang_bennett,27518,train
classical,kiwujil,2531,test
modern,tang_bennett,27519,test
classical,kiwujil,2532,train
modern,tang_bennett,27520,train
classical,kiwujil,2533,train
modern,tang_bennett,27552,train
classical,kiwujil,2534,test
modern,tang_bennett,27565,test
classical,kiwujil,2535,train
modern,tang_bennett,27575,train
classical,kiwujil,2536,train
modern,tang_bennett,27576,train
classical,kiwujil,2537,train
modern,tang_bennett,27600,train
classical,kiwujil,2538,test
modern,tang_bennett,27605,test
classical,kiwujil,2539,train
modern,tang_bennett,27606,train
classical,kiwujil,2540,test
modern,tang_bennett,27618,test
classical,kiwujil,2541,train
modern,tang_bennett,27650,train
classical,kiwujil,2542,test
modern,tang_bennett,27682,test
classical,kiwujil,2543,train
modern,tang_bennett,27683,train
classical,kiwujil,2544,train
modern,tang_bennett,27684,train
classical,kiwujil,2545,train
modern,tang_bennett,27691,train
classical,kiwujil,2546,train
modern,tang_bennett,27710,train
classical,kiwujil,2547,train
modern,tang_bennett,27722,train
classical,kiwujil,2548,test
modern,tang_bennett,27738,test
classical,kiwujil,2549,train
modern,tang_bennett,27748,train
classical,kiwujil,2550,train
modern,tang_bennett,27754,train
classical,kiwujil,2551,train
modern,tang_bennett,27756,train
classical,kiwujil,2552,train
modern,tang_bennett,27759,train
classical,kiwujil,2553,train
modern,tang_bennett,27768,train
classical,kiwujil,2554,train
modern,tang_bennett,27793,train
classical,kiwujil,2555,test
modern,tang_bennett,27802,test
classical,kiwujil,2556,train
modern,tang_bennett,27824,train
classical,kiwujil,2557,train
modern,tang_bennett,27854,train
classical,kiwujil,2558,train
modern,tang_bennett,27866,train
classical,kiwujil,2559,train
modern,tang_bennett,27867,train
classical,kiwujil,2560,train
modern,tang_bennett,27875,train
classical,kiwujil,2561,test
modern,tang_bennett,27878,test
classical,kiwujil,2562,test
modern,tang_bennett,27885,test
classical,kiwujil,2563,test
modern,tang_bennett,27935,test
classical,kiwujil,2564,train
modern,tang_bennett,27955,train
classical,kiwujil,2565,train
modern,tang_bennett,27963,train
classical,kiwujil,2566,train
modern,tang_bennett,27972,train
classical,kiwujil,2567,test
modern,tang_bennett,27976,test
classical,kiwujil,2568,test
modern,tang_bennett,27981,test
classical,kiwujil,2569,train
modern,tang_bennett,27989,train
classical,kiwujil,2570,train
modern,tang_bennett,27993,train
classical,kiwujil,2571,train
modern,tang_bennett,27996,train
classical,kiwujil,2572,train
modern,tang_bennett,28001,train
classical,kiwujil,2573,train
modern,tang_bennett,28022,train
classical,kiwujil,2574,train
modern,tang_bennett,28024,train
classical,kiwujil,2575,train
modern,tang_bennett,28029,train
classical,kiwujil,2576,train
modern,tang_bennett,28035,train
classical,kiwujil,2577,train
modern,tang_bennett,28041,train
classical,kiwujil,2578,train
modern,tang_bennett,28050,train
classical,kiwujil,2579,train
modern,tang_bennett,28058,train
classical,kiwujil,2580,train
modern,tang_bennett,28069,train
classical,kiwujil,2581,train
modern,tang_bennett,28072,train
classical,kiwujil,2582,test
modern,tang_bennett,28094,test
classical,kiwujil,2583,train
modern,tang_bennett,28115,train
classical,kiwujil,2584,train
modern,tang_bennett,28122,train
classical,kiwujil,2585,train
modern,tang_bennett,28135,train
classical,kiwujil,2586,train
modern,tang_bennett,28146,train
classical,kiwujil,2587,test
modern,tang_bennett,28152,test
classical,kiwujil,2588,train
modern,tang_bennett,28159,train
classical,kiwujil,2589,train
modern,tang_bennett,28164,train
classical,kiwujil,2590,train
modern,tang_bennett,28167,train
classical,kiwujil,2591,train
modern,tang_bennett,28175,train
classical,kiwujil,2592,train
modern,tang_bennett,28212,train
classical,kiwujil,2593,train
modern,tang_bennett,28225,train
classical,kiwujil,2594,train
modern,tang_bennett,28235,train
classical,kiwujil,2595,test
modern,tang_bennett,28244,test
classical,kiwujil,2596,train
modern,tang_bennett,28251,train
classical,kiwujil,2597,test
modern,tang_bennett,28325,test
classical,kiwujil,2598,train
modern,tang_bennett,28338,train
classical,kiwujil,2599,train
modern,tang_bennett,28347,train
classical,kiwujil,2600,train
modern,tang_bennett,28353,train
classical,kiwujil,2601,train
modern,tang_bennett,28354,train
classical,kiwujil,2602,test
modern,tang_bennett,28355,test
classical,kiwujil,2603,train
modern,tang_bennett,28356,train
classical,kiwujil,2604,test
modern,tang_bennett,28363,test
classical,kiwujil,2605,train
modern,tang_bennett,28375,train
classical,kiwujil,2606,train
modern,tang_bennett,28376,train
classical,kiwujil,2607,train
modern,tang_bennett,28390,train
classical,kiwujil,2608,train
modern,tang_bennett,28391,train
classical,kiwujil,2609,train
modern,tang_bennett,28403,train
classical,kiwujil,2610,test
modern,tang_bennett,28406,test
classical,kiwujil,2611,train
modern,tang_bennett,28414,train
classical,kiwujil,2612,train
modern,tang_bennett,28422,train
classical,kiwujil,2613,train
modern,tang_bennett,28444,train
classical,kiwujil,2614,train
modern,tang_bennett,28451,train
classical,kiwujil,2615,train
modern,tang_bennett,28460,train
classical,kiwujil,2616,train
modern,tang_bennett,28464,train
classical,kiwujil,2617,train
modern,tang_bennett,28512,train
classical,kiwujil,2618,train
modern,tang_bennett,28530,train
classical,kiwujil,2619,train
modern,tang_bennett,28534,train
classical,kiwujil,2620,train
modern,tang_bennett,28540,train
classical,kiwujil,2621,train
modern,tang_bennett,28560,train
classical,kiwujil,2622,test
modern,tang_bennett,28563,test
classical,kiwujil,2623,train
modern,tang_bennett,28570,train
classical,kiwujil,2624,train
modern,tang_bennett,28593,train
classical,kiwujil,2625,train
modern,tang_bennett,28617,train
classical,kiwujil,2626,test
modern,tang_bennett,28619,test
classical,kiwujil,2627,train
modern,tang_bennett,28630,train
classical,kiwujil,2628,train
modern,tang_bennett,28651,train
classical,kiwujil,2629,train
modern,tang_bennett,28669,train
classical,kiwujil,2630,train
modern,tang_bennett,28673,train
classical,kiwujil,2631,train
modern,tang_bennett,28686,train
classical,kiwujil,2632,train
modern,tang_bennett,28712,train
classical,kiwujil,2633,train
modern,tang_bennett,28718,train
classical,kiwujil,2634,test
modern,tang_bennett,28729,test
classical,kiwujil,2635,train
modern,tang_bennett,28739,train
classical,kiwujil,2636,train
modern,tang_bennett,28750,train
classical,kiwujil,2637,train
modern,tang_bennett,28751,train
classical,kiwujil,2638,train
modern,tang_bennett,28754,train
classical,kiwujil,2639,train
modern,tang_bennett,28763,train
classical,kiwujil,2640,train
modern,tang_bennett,28765,train
classical,kiwujil,2641,test
modern,tang_bennett,28783,test
classical,kiwujil,2642,train
modern,tang_bennett,28807,train
classical,kiwujil,2643,train
modern,tang_bennett,28808,train
classical,kiwujil,2644,train
modern,tang_bennett,28833,train
classical,kiwujil,2645,train
modern,tang_bennett,28838,train
classical,kiwujil,2646,train
modern,tang_bennett,28844,train
classical,kiwujil,2647,train
modern,tang_bennett,28873,train
classical,kiwujil,2648,train
modern,tang_bennett,28875,train
classical,kiwujil,2649,test
modern,tang_bennett,28877,test
classical,kiwujil,2650,train
modern,tang_bennett,28893,train
classical,kiwujil,2651,test
modern,tang_bennett,28896,test
classical,kiwujil,2652,test
modern,tang_bennett,28919,test
classical,kiwujil,2653,train
modern,tang_bennett,28930,train
classical,kiwujil,2654,train
modern,tang_bennett,28942,train
classical,kiwujil,2655,train
modern,tang_bennett,28949,train
classical,kiwujil,2656,train
modern,tang_bennett,28975,train
classical,kiwujil,2657,train
modern,tang_bennett,28979,train
classical,kiwujil,2658,test
modern,tang_bennett,28982,test
classical,kiwujil,2659,train
modern,tang_bennett,28985,train
classical,kiwujil,2660,train
modern,tang_bennett,28988,train
classical,kiwujil,2661,train
modern,tang_bennett,28997,train
classical,kiwujil,2662,train
modern,tang_bennett,29011,train
classical,kiwujil,2663,train
modern,tang_bennett,29031,train
classical,kiwujil,2664,train
modern,tang_bennett,29033,train
classical,kiwujil,2665,test
modern,tang_bennett,29034,test
classical,kiwujil,2666,test
modern,tang_bennett,29040,test
classical,kiwujil,2667,train
modern,tang_bennett,29056,train
classical,kiwujil,2668,test
modern,tang_bennett,29062,test
classical,kiwujil,2669,train
modern,tang_bennett,29069,train
classical,kiwujil,2670,test
modern,tang_bennett,29078,test
classical,kiwujil,2671,train
modern,tang_bennett,29082,train
classical,kiwujil,2672,test
modern,tang_bennett,29087,test
classical,kiwujil,2673,test
modern,tang_bennett,29101,test
classical,kiwujil,2674,train
modern,tang_bennett,29113,train
classical,kiwujil,2675,train
modern,tang_bennett,29119,train
classical,kiwujil,2676,test
modern,tang_bennett,29120,test
classical,kiwujil,2677,train
modern,tang_bennett,29140,train
classical,kiwujil,2678,train
modern,tang_bennett,29153,train
classical,kiwujil,2679,train
modern,tang_bennett,29159,train
classical,kiwujil,2680,train
modern,tang_bennett,29161,train
classical,kiwujil,2681,train
modern,tang_bennett,29163,train
classical,kiwujil,2682,train
modern,tang_bennett,29167,train
classical,kiwujil,2683,train
modern,tang_bennett,29170,train
classical,kiwujil,2684,train
modern,tang_bennett,29185,train
classical,kiwujil,2685,train
modern,tang_bennett,29199,train
classical,kiwujil,2686,test
modern,tang_bennett,29245,test
classical,kiwujil,2687,train
modern,tang_bennett,29248,train
classical,kiwujil,2688,test
modern,tang_bennett,29266,test
classical,kiwujil,2689,test
modern,tang_bennett,29270,test
classical,kiwujil,2690,test
modern,tang_bennett,29291,test
classical,kiwujil,2691,train
modern,tang_bennett,29304,train
classical,kiwujil,2692,train
modern,tang_bennett,29314,train
classical,kiwujil,2693,train
modern,tang_bennett,29325,train
classical,kiwujil,2694,train
modern,tang_bennett,29337,train
classical,kiwujil,2695,train
modern,tang_bennett,29339,train
classical,kiwujil,2696,train
modern,tang_bennett,29346,train
classical,kiwujil,2697,train
modern,tang_bennett,29349,train
classical,kiwujil,2698,test
modern,tang_bennett,29377,test
classical,kiwujil,2699,test
modern,tang_bennett,29394,test
classical,kiwujil,2700,train
modern,tang_bennett,29413,train
classical,kiwujil,2701,test
modern,tang_bennett,29426,test
classical,kiwujil,2702,test
modern,tang_bennett,29436,test
classical,kiwujil,2703,train
modern,tang_bennett,29439,train
classical,kiwujil,2704,train
modern,tang_bennett,29441,train
classical,kiwujil,2705,train
modern,tang_bennett,29444,train
classical,kiwujil,2706,test
modern,tang_bennett,29463,test
classical,kiwujil,2707,train
modern,tang_bennett,29489,train
classical,kiwujil,2708,test
modern,tang_bennett,29498,test
classical,kiwujil,2709,train
modern,tang_bennett,29506,train
classical,kiwujil,2710,train
modern,tang_bennett,29525,train
classical,kiwujil,2711,train
modern,tang_bennett,29530,train
classical,kiwujil,2712,train
modern,tang_bennett,29534,train
classical,kiwujil,2713,train
modern,tang_bennett,29552,train
classical,kiwujil,2714,train
modern,tang_bennett,29555,train
classical,kiwujil,2715,train
modern,tang_bennett,29572,train
classical,kiwujil,2716,train
modern,tang_bennett,29576,train
classical,kiwujil,2717,train
modern,tang_bennett,29602,train
classical,kiwujil,2718,train
modern,tang_bennett,29610,train
classical,kiwujil,2719,test
modern,tang_bennett,29614,test
classical,kiwujil,2720,train
modern,tang_bennett,29621,train
classical,kiwujil,2721,train
modern,tang_bennett,29630,train
classical,kiwujil,2722,train
modern,tang_bennett,29642,train
classical,kiwujil,2723,test
modern,tang_bennett,29643,test
classical,kiwujil,2724,train
modern,tang_bennett,29657,train
classical,kiwujil,2725,train
modern,tang_bennett,29697,train
classical,kiwujil,2726,train
modern,tang_bennett,29703,train
classical,kiwujil,2727,train
modern,tang_bennett,29704,train
classical,kiwujil,2728,test
modern,tang_bennett,29728,test
classical,kiwujil,2729,train
modern,tang_bennett,29748,train
classical,kiwujil,2730,train
modern,tang_bennett,29753,train
classical,kiwujil,2731,train
modern,tang_bennett,29759,train
classical,kiwujil,2732,train
modern,tang_bennett,29770,train
classical,kiwujil,2733,train
modern,tang_bennett,29775,train
classical,kiwujil,2734,train
modern,tang_bennett,29781,train
classical,kiwujil,2735,train
modern,tang_bennett,29792,train
classical,kiwujil,2736,train
modern,tang_bennett,29801,train
classical,kiwujil,2737,train
modern,tang_bennett,29826,train
classical,kiwujil,2738,test
modern,tang_bennett,29855,test
classical,kiwujil,2739,train
modern,tang_bennett,29868,train
classical,kiwujil,2740,train
modern,tang_bennett,29885,train
classical,kiwujil,2741,test
modern,tang_bennett,29891,test
classical,kiwujil,2742,train
modern,tang_bennett,29899,train
classical,kiwujil,2743,test
modern,tang_bennett,29929,test
classical,kiwujil,2744,train
modern,tang_bennett,29943,train
classical,kiwujil,2745,train
modern,tang_bennett,29987,train
classical,kiwujil,2746,train
modern,tang_bennett,29995,train
classical,kiwujil,2747,train
modern,tang_bennett,30001,train
classical,kiwujil,2748,train
modern,tang_bennett,30013,train
classical,kiwujil,2749,train
modern,tang_bennett,30029,train
classical,kiwujil,2750,train
modern,tang_bennett,30034,train
classical,kiwujil,2751,test
modern,tang_bennett,30035,test
classical,kiwujil,2752,train
modern,tang_bennett,30052,train
classical,kiwujil,2753,train
modern,tang_bennett,30060,train
classical,kiwujil,2754,test
modern,tang_bennett,30067,test
classical,kiwujil,2755,train
modern,tang_bennett,30069,train
classical,kiwujil,2756,test
modern,tang_bennett,30096,test
classical,kiwujil,2757,train
modern,tang_bennett,30098,train
classical,kiwujil,2758,train
modern,tang_bennett,30102,train
classical,kiwujil,2759,train
modern,tang_bennett,30113,train
classical,kiwujil,2760,train
modern,tang_bennett,30118,train
classical,kiwujil,2761,train
modern,tang_bennett,30132,train
classical,kiwujil,2762,train
modern,tang_bennett,30142,train
classical,kiwujil,2763,train
modern,tang_bennett,30146,train
classical,kiwujil,2764,train
modern,tang_bennett,30157,train
classical,kiwujil,2765,train
modern,tang_bennett,30178,train
classical,kiwujil,2766,train
modern,tang_bennett,30190,train
classical,kiwujil,2767,train
modern,tang_bennett,30210,train
classical,kiwujil,2768,train
modern,tang_bennett,30216,train
classical,kiwujil,2769,train
modern,tang_bennett,30224,train
classical,kiwujil,2770,train
modern,tang_bennett,30235,train
classical,kiwujil,2771,train
modern,tang_bennett,30245,train
classical,kiwujil,2772,train
modern,tang_bennett,30254,train
classical,kiwujil,2773,train
modern,tang_bennett,30256,train
classical,kiwujil,2774,train
modern,tang_bennett,30262,train
classical,kiwujil,2775,test
modern,tang_bennett,30263,test
classical,kiwujil,2776,train
modern,tang_bennett,30280,train
classical,kiwujil,2777,train
modern,tang_bennett,30319,train
classical,kiwujil,2778,train
modern,tang_bennett,30332,train
classical,kiwujil,2779,train
modern,tang_bennett,30333,train
classical,kiwujil,2780,train
modern,tang_bennett,30337,train
classical,kiwujil,2781,train
modern,tang_bennett,30349,train
classical,kiwujil,2782,train
modern,tang_bennett,30354,train
classical,kiwujil,2783,train
modern,tang_bennett,30356,train
classical,kiwujil,2784,train
modern,tang_bennett,30384,train
classical,kiwujil,2785,train
modern,tang_bennett,30386,train
classical,kiwujil,2786,train
modern,tang_bennett,30390,train
classical,kiwujil,2787,train
modern,tang_bennett,30391,train
classical,kiwujil,2788,train
modern,tang_bennett,30395,train
classical,kiwujil,2789,train
modern,tang_bennett,30407,train
classical,kiwujil,2790,train
modern,tang_bennett,30414,train
classical,kiwujil,2791,train
modern,tang_bennett,30420,train
classical,kiwujil,2792,train
modern,tang_bennett,30432,train
classical,kiwujil,2793,test
modern,tang_bennett,30446,test
classical,kiwujil,2794,train
modern,tang_bennett,30457,train
classical,kiwujil,2795,train
modern,tang_bennett,30463,train
classical,kiwujil,2796,test
modern,tang_bennett,30472,test
classical,kiwujil,2797,test
modern,tang_bennett,30483,test
classical,kiwujil,2798,train
modern,tang_bennett,30485,train
classical,kiwujil,2799,train
modern,tang_bennett,30488,train
classical,kiwujil,2800,train
modern,tang_bennett,30491,train
classical,kiwujil,2801,test
modern,tang_bennett,30509,test
classical,kiwujil,2802,train
modern,tang_bennett,30516,train
classical,kiwujil,2803,train
modern,tang_bennett,30527,train
classical,kiwujil,2804,train
modern,tang_bennett,30535,train
classical,kiwujil,2805,train
modern,tang_bennett,30537,train
classical,kiwujil,2806,train
modern,tang_bennett,30555,train
classical,kiwujil,2807,test
modern,tang_bennett,30567,test
classical,kiwujil,2808,train
modern,tang_bennett,30586,train
classical,kiwujil,2809,train
modern,tang_bennett,30591,train
classical,kiwujil,2810,train
modern,tang_bennett,30602,train
classical,kiwujil,2811,test
modern,tang_bennett,30615,test
classical,kiwujil,2812,train
modern,tang_bennett,30621,train
classical,kiwujil,2813,train
modern,tang_bennett,30622,train
classical,kiwujil,2814,train
modern,tang_bennett,30627,train
classical,kiwujil,2815,train
modern,tang_bennett,30629,train
classical,kiwujil,2816,train
modern,tang_bennett,30630,train
classical,kiwujil,2817,train
modern,tang_bennett,30642,train
classical,kiwujil,2818,train
modern,tang_bennett,30659,train
classical,kiwujil,2819,test
modern,tang_bennett,30667,test
classical,kiwujil,2820,test
modern,tang_bennett,30692,test
classical,kiwujil,2821,train
modern,tang_bennett,30695,train
classical,kiwujil,2822,test
modern,tang_bennett,30696,test
classical,kiwujil,2823,train
modern,tang_bennett,30716,train
classical,kiwujil,2824,train
modern,tang_bennett,30730,train
classical,kiwujil,2825,train
modern,tang_bennett,30731,train
classical,kiwujil,2826,train
modern,tang_bennett,30742,train
classical,kiwujil,2827,train
modern,tang_bennett,30750,train
classical,kiwujil,2828,train
modern,tang_bennett,30755,train
classical,kiwujil,2829,train
modern,tang_bennett,30756,train
classical,kiwujil,2830,train
modern,tang_bennett,30763,train
classical,kiwujil,2831,train
modern,tang_bennett,30780,train
classical,kiwujil,2832,train
modern,tang_bennett,30790,train
classical,kiwujil,2833,train
modern,tang_bennett,30804,train
classical,kiwujil,2834,test
modern,tang_bennett,30805,test
classical,kiwujil,2835,train
modern,tang_bennett,30826,train
classical,kiwujil,2836,train
modern,tang_bennett,30832,train
classical,kiwujil,2837,train
modern,tang_bennett,30841,train
classical,kiwujil,2838,train
modern,tang_bennett,30856,train
classical,kiwujil,2839,train
modern,tang_bennett,30865,train
classical,kiwujil,2840,train
modern,tang_bennett,30869,train
classical,kiwujil,2841,train
modern,tang_bennett,30882,train
classical,kiwujil,2842,train
modern,tang_bennett,30883,train
classical,kiwujil,2843,train
modern,tang_bennett,30887,train
classical,kiwujil,2844,train
modern,tang_bennett,30895,train
classical,kiwujil,2845,train
modern,tang_bennett,30923,train
classical,kiwujil,2846,train
modern,tang_bennett,30924,train
classical,kiwujil,2847,train
modern,tang_bennett,30939,train
classical,kiwujil,2848,train
modern,tang_bennett,30943,train
classical,kiwujil,2849,test
modern,tang_bennett,30956,test
classical,kiwujil,2850,test
modern,tang_bennett,30957,test
classical,kiwujil,2851,test
modern,tang_bennett,30958,test
classical,kiwujil,2852,test
modern,tang_bennett,30961,test
classical,kiwujil,2853,test
modern,tang_bennett,30962,test
classical,kiwujil,2854,train
modern,tang_bennett,30972,train
classical,kiwujil,2855,test
modern,tang_bennett,30974,test
classical,kiwujil,2856,train
modern,tang_bennett,30975,train
classical,kiwujil,2857,train
modern,tang_bennett,30981,train
classical,kiwujil,2858,train
modern,tang_bennett,30983,train
classical,kiwujil,2859,train
modern,tang_bennett,30998,train
classical,kiwujil,2860,train
modern,tang_bennett,31003,train
classical,kiwujil,2861,train
modern,tang_bennett,31006,train
classical,kiwujil,2862,test
modern,tang_bennett,31007,test
classical,kiwujil,2863,train
modern,tang_bennett,31017,train
classical,kiwujil,2864,train
modern,tang_bennett,31018,train
classical,kiwujil,2865,train
modern,tang_bennett,31019,train
classical,kiwujil,2866,train
modern,tang_bennett,31039,train
classical,kiwujil,2867,train
modern,tang_bennett,31054,train
classical,kiwujil,2868,train
modern,tang_bennett,31056,train
classical,kiwujil,2869,train
modern,tang_bennett,31066,train
classical,kiwujil,2870,train
modern,tang_bennett,31071,train
classical,kiwujil,2871,train
modern,tang_bennett,31106,train
classical,kiwujil,2872,test
modern,tang_bennett,31111,test
classical,kiwujil,2873,train
modern,tang_bennett,31128,train
classical,kiwujil,2874,train
modern,tang_bennett,31139,train
classical,kiwujil,2875,test
modern,tang_bennett,31161,test
classical,kiwujil,2876,train
modern,tang_bennett,31176,train
classical,kiwujil,2877,train
modern,tang_bennett,31180,train
classical,kiwujil,2878,train
modern,tang_bennett,31201,train
classical,kiwujil,2879,train
modern,tang_bennett,31214,train
classical,kiwujil,2880,train
modern,tang_bennett,31215,train
classical,kiwujil,2881,train
modern,tang_bennett,31231,train
classical,kiwujil,2882,test
modern,tang_bennett,31235,test
classical,kiwujil,2883,train
modern,tang_bennett,31244,train
classical,kiwujil,2884,train
modern,tang_bennett,31248,train
classical,kiwujil,2885,train
modern,tang_bennett,31266,train
classical,kiwujil,2886,train
modern,tang_bennett,31269,train
classical,kiwujil,2887,train
modern,tang_bennett,31289,train
classical,kiwujil,2888,train
modern,tang_bennett,31303,train
classical,kiwujil,2889,train
modern,tang_bennett,31331,train
classical,kiwujil,2890,train
modern,tang_bennett,31337,train
classical,kiwujil,2891,train
modern,tang_bennett,31341,train
classical,kiwujil,2892,train
modern,tang_bennett,31349,train
classical,kiwujil,2893,train
modern,tang_bennett,31356,train
classical,kiwujil,2894,train
modern,tang_bennett,31374,train
classical,kiwujil,2895,train
modern,tang_bennett,31375,train
classical,kiwujil,2896,train
modern,tang_bennett,31382,train
classical,kiwujil,2897,test
modern,tang_bennett,31383,test
classical,kiwujil,2898,train
modern,tang_bennett,31395,train
classical,kiwujil,2899,train
modern,tang_bennett,31410,train
classical,kiwujil,2900,train
modern,tang_bennett,31415,train
classical,kiwujil,2901,train
modern,tang_bennett,31421,train
classical,kiwujil,2902,train
modern,tang_bennett,31461,train
classical,kiwujil,2903,train
modern,tang_bennett,31462,train
classical,kiwujil,2904,train
modern,tang_bennett,31468,train
classical,kiwujil,2905,train
modern,tang_bennett,31481,train
classical,kiwujil,2906,train
modern,tang_bennett,31486,train
classical,kiwujil,2907,train
modern,tang_bennett,31494,train
classical,kiwujil,2908,test
modern,tang_bennett,31495,test
classical,kiwujil,2909,train
modern,tang_bennett,31497,train
classical,kiwujil,2910,train
modern,tang_bennett,31504,train
classical,kiwujil,2911,train
modern,tang_bennett,31524,train
classical,kiwujil,2912,train
modern,tang_bennett,31532,train
classical,kiwujil,2913,train
modern,tang_bennett,31533,train
classical,kiwujil,2914,train
modern,tang_bennett,31563,train
classical,kiwujil,2915,train
modern,tang_bennett,31572,train
classical,kiwujil,2916,train
modern,tang_bennett,31582,train
classical,kiwujil,2917,test
modern,tang_bennett,31587,test
classical,kiwujil,2918,test
modern,tang_bennett,31615,test
classical,kiwujil,2919,train
modern,tang_bennett,31618,train
classical,kiwujil,2920,train
modern,tang_bennett,31620,train
classical,kiwujil,2921,train
modern,tang_bennett,31632,train
classical,kiwujil,2922,train
modern,tang_bennett,31645,train
classical,kiwujil,2923,train
modern,tang_bennett,31648,train
classical,kiwujil,2924,test
modern,tang_bennett,31661,test
classical,kiwujil,2925,train
modern,tang_bennett,31665,train
classical,kiwujil,2926,test
modern,tang_bennett,31693,test
classical,kiwujil,2927,train
modern,tang_bennett,31695,train
classical,kiwujil,2928,train
modern,tang_bennett,31724,train
classical,kiwujil,2929,train
modern,tang_bennett,31750,train
classical,kiwujil,2930,train
modern,tang_bennett,31762,train
classical,kiwujil,2931,train
modern,tang_bennett,31769,train
classical,kiwujil,2932,test
modern,tang_bennett,31830,test
classical,kiwujil,2933,train
modern,tang_bennett,31857,train
classical,kiwujil,2934,test
modern,tang_bennett,31869,test
classical,kiwujil,2935,train
modern,tang_bennett,31899,train
classical,kiwujil,2936,test
modern,tang_bennett,31926,test
classical,kiwujil,2937,train
modern,tang_bennett,31927,train
classical,kiwujil,2938,test
modern,tang_bennett,31933,test
classical,kiwujil,2939,train
modern,tang_bennett,31938,train
classical,kiwujil,2940,train
modern,tang_bennett,31974,train
classical,kiwujil,2941,train
modern,tang_bennett,31989,train
classical,kiwujil,2942,train
modern,tang_bennett,32000,train
classical,kiwujil,2943,train
modern,tang_bennett,32013,train
classical,kiwujil,2944,train
modern,tang_bennett,32014,train
classical,kiwujil,2945,train
modern,tang_bennett,32020,train
classical,kiwujil,2946,train
modern,tang_bennett,32031,train
classical,kiwujil,2947,train
modern,tang_bennett,32032,train
classical,kiwujil,2948,train
modern,tang_bennett,32049,train
classical,kiwujil,2949,test
modern,tang_bennett,32050,test
classical,kiwujil,2950,test
modern,tang_bennett,32056,test
classical,kiwujil,2951,train
modern,tang_bennett,32058,train
classical,kiwujil,2952,test
modern,tang_bennett,32066,test
classical,kiwujil,2953,train
modern,tang_bennett,32072,train
classical,kiwujil,2954,train
modern,tang_bennett,32074,train
classical,kiwujil,2955,train
modern,tang_bennett,32076,train
classical,kiwujil,2956,train
modern,tang_bennett,32119,train
classical,kiwujil,2957,test
modern,tang_bennett,32123,test
classical,kiwujil,2958,train
modern,tang_bennett,32156,train
classical,kiwujil,2959,train
modern,tang_bennett,32160,train
classical,kiwujil,2960,train
modern,tang_bennett,32163,train
classical,kiwujil,2961,train
modern,tang_bennett,32165,train
classical,kiwujil,2962,train
modern,tang_bennett,32206,train
classical,kiwujil,2963,train
modern,tang_bennett,32220,train
classical,kiwujil,2964,train
modern,tang_bennett,32221,train
classical,kiwujil,2965,train
modern,tang_bennett,32232,train
classical,kiwujil,2966,train
modern,tang_bennett,32240,train
classical,kiwujil,2967,train
modern,tang_bennett,32246,train
classical,kiwujil,2968,train
modern,tang_bennett,32259,train
classical,kiwujil,2969,train
modern,tang_bennett,32266,train
classical,kiwujil,2970,test
modern,tang_bennett,32294,test
classical,kiwujil,2971,train
modern,tang_bennett,32295,train
classical,kiwujil,2972,train
modern,tang_bennett,32320,train
classical,kiwujil,2973,train
modern,tang_bennett,32326,train
classical,kiwujil,2974,train
modern,tang_bennett,32358,train
classical,kiwujil,2975,test
modern,tang_bennett,32382,test
classical,kiwujil,2976,train
modern,tang_bennett,32397,train
classical,kiwujil,2977,train
modern,tang_bennett,32403,train
classical,kiwujil,2978,train
modern,tang_bennett,32410,train
classical,kiwujil,2979,train
modern,tang_bennett,32430,train
classical,kiwujil,2980,train
modern,tang_bennett,32431,train
classical,kiwujil,2981,train
modern,tang_bennett,32433,train
classical,kiwujil,2982,train
modern,tang_bennett,32434,train
classical,kiwujil,2983,train
modern,tang_bennett,32464,train
classical,kiwujil,2984,train
modern,tang_bennett,32481,train
classical,kiwujil,2985,train
modern,tang_bennett,32505,train
classical,kiwujil,2986,train
modern,tang_bennett,32519,train
classical,kiwujil,2987,test
modern,tang_bennett,32535,test
classical,kiwujil,2988,train
modern,tang_bennett,32539,train
classical,kiwujil,2989,train
modern,tang_bennett,32542,train
classical,kiwujil,2990,train
modern,tang_bennett,32545,train
classical,kiwujil,2991,test
modern,tang_bennett,32551,test
classical,kiwujil,2992,train
modern,tang_bennett,32557,train
classical,kiwujil,2993,train
modern,tang_bennett,32572,train
classical,kiwujil,2994,train
modern,tang_bennett,32608,train
classical,kiwujil,2995,train
modern,tang_bennett,32617,train
classical,kiwujil,2996,train
modern,tang_bennett,32621,train
classical,kiwujil,2997,test
modern,tang_bennett,32624,test
classical,kiwujil,2998,train
modern,tang_bennett,32660,train
classical,kiwujil,2999,test
modern,tang_bennett,32661,test
classical,kiwujil,3000,train
modern,tang_bennett,32665,train
classical,kiwujil,3001,train
modern,tang_bennett,32674,train
classical,kiwujil,3002,test
modern,tang_bennett,32690,test
classical,kiwujil,3003,train
modern,tang_bennett,32707,train
classical,kiwujil,3004,train
modern,tang_bennett,32724,train
classical,kiwujil,3005,train
modern,tang_bennett,32745,train
classical,kiwujil,3006,test
modern,tang_bennett,32756,test
classical,kiwujil,3007,train
modern,tang_bennett,32759,train
classical,kiwujil,3008,train
modern,tang_bennett,32766,train
classical,kiwujil,3009,train
modern,tang_bennett,32769,train
classical,kiwujil,3010,train
modern,tang_bennett,32782,train
classical,kiwujil,3011,train
modern,tang_bennett,32790,train
classical,kiwujil,3012,test
modern,tang_bennett,32802,test
classical,kiwujil,3013,train
modern,tang_bennett,32827,train
classical,kiwujil,3014,test
modern,tang_bennett,32831,test
classical,kiwujil,3015,train
modern,tang_bennett,32840,train
classical,kiwujil,3016,train
modern,tang_bennett,32850,train
classical,kiwujil,3017,train
modern,tang_bennett,32913,train
classical,kiwujil,3018,train
modern,tang_bennett,32936,train
classical,kiwujil,3019,test
modern,tang_bennett,32949,test
classical,kiwujil,3020,train
modern,tang_bennett,32976,train
classical,kiwujil,3021,train
modern,tang_bennett,32977,train
classical,kiwujil,3022,train
modern,tang_bennett,32988,train
classical,kiwujil,3023,test
modern,tang_bennett,33000,test
classical,kiwujil,3024,test
modern,tang_bennett,33013,test
classical,kiwujil,3025,train
modern,tang_bennett,33016,train
classical,kiwujil,3026,train
modern,tang_bennett,33017,train
classical,kiwujil,3027,train
modern,tang_bennett,33097,train
classical,kiwujil,3028,train
modern,tang_bennett,33105,train
classical,kiwujil,3029,train
modern,tang_bennett,33107,train
classical,kiwujil,3030,train
modern,tang_bennett,33116,train
classical,kiwujil,3031,train
modern,tang_bennett,33124,train
classical,kiwujil,3032,train
modern,tang_bennett,33135,train
classical,kiwujil,3033,train
modern,tang_bennett,33136,train
classical,kiwujil,3034,train
modern,tang_bennett,33158,train
classical,kiwujil,3035,train
modern,tang_bennett,33159,train
classical,kiwujil,3036,test
modern,tang_bennett,33164,test
classical,kiwujil,3037,train
modern,tang_bennett,33166,train
classical,kiwujil,3038,test
modern,tang_bennett,33167,test
classical,kiwujil,3039,train
modern,tang_bennett,33178,train
classical,kiwujil,3040,train
modern,tang_bennett,33184,train
classical,kiwujil,3041,train
modern,tang_bennett,33230,train
classical,kiwujil,3042,test
modern,tang_bennett,33234,test
classical,kiwujil,3043,test
modern,tang_bennett,33236,test
classical,kiwujil,3044,train
modern,tang_bennett,33242,train
classical,kiwujil,3045,test
modern,tang_bennett,33254,test
classical,kiwujil,3046,train
modern,tang_bennett,33259,train
classical,kiwujil,3047,train
modern,tang_bennett,33267,train
classical,kiwujil,3048,train
modern,tang_bennett,33270,train
classical,kiwujil,3049,train
modern,tang_bennett,33273,train
classical,kiwujil,3050,train
modern,tang_bennett,33283,train
classical,kiwujil,3051,train
modern,tang_bennett,33295,train
classical,kiwujil,3052,train
modern,tang_bennett,33299,train
classical,kiwujil,3053,train
modern,tang_bennett,33320,train
classical,kiwujil,3054,train
modern,tang_bennett,33329,train
classical,kiwujil,3055,train
modern,tang_bennett,33340,train
classical,kiwujil,3056,train
modern,tang_bennett,33342,train
classical,kiwujil,3057,train
modern,tang_bennett,33347,train
classical,kiwujil,3058,test
modern,tang_bennett,33357,test
classical,kiwujil,3059,test
modern,tang_bennett,33361,test
classical,kiwujil,3060,train
modern,tang_bennett,33370,train
classical,kiwujil,3061,train
modern,tang_bennett,33379,train
classical,kiwujil,3062,train
modern,tang_bennett,33381,train
classical,kiwujil,3063,train
modern,tang_bennett,33391,train
classical,kiwujil,3064,train
modern,tang_bennett,33394,train
classical,kiwujil,3065,test
modern,tang_bennett,33404,test
classical,kiwujil,3066,train
modern,tang_bennett,33416,train
classical,kiwujil,3067,train
modern,tang_bennett,33428,train
classical,kiwujil,3068,train
modern,tang_bennett,33429,train
classical,kiwujil,3069,train
modern,tang_bennett,33437,train
classical,kiwujil,3070,train
modern,tang_bennett,33449,train
classical,kiwujil,3071,test
modern,tang_bennett,33450,test
classical,kiwujil,3072,train
modern,tang_bennett,33466,train
classical,kiwujil,3073,test
modern,tang_bennett,33485,test
classical,kiwujil,3074,train
modern,tang_bennett,33486,train
classical,kiwujil,3075,train
modern,tang_bennett,33491,train
classical,kiwujil,3076,train
modern,tang_bennett,33505,train
classical,kiwujil,3077,test
modern,tang_bennett,33520,test
classical,kiwujil,3078,test
modern,tang_bennett,33525,test
classical,kiwujil,3079,train
modern,tang_bennett,33528,train
classical,kiwujil,3080,train
modern,tang_bennett,33535,train
classical,kiwujil,3081,train
modern,tang_bennett,33544,train
classical,kiwujil,3082,train
modern,tang_bennett,33545,train
classical,kiwujil,3083,train
modern,tang_bennett,33563,train
classical,kiwujil,3084,train
modern,tang_bennett,33564,train
classical,kiwujil,3085,train
modern,tang_bennett,33585,train
classical,kiwujil,3086,train
modern,tang_bennett,33592,train
classical,kiwujil,3087,train
modern,tang_bennett,33594,train
classical,kiwujil,3088,train
modern,tang_bennett,33617,train
classical,kiwujil,3089,train
modern,tang_bennett,33620,train
classical,kiwujil,3090,train
modern,tang_bennett,33631,train
classical,kiwujil,3091,test
modern,tang_bennett,33651,test
classical,kiwujil,3092,train
modern,tang_bennett,33658,train
classical,kiwujil,3093,test
modern,tang_bennett,33660,test
classical,kiwujil,3094,train
modern,tang_bennett,33669,train
classical,kiwujil,3095,train
modern,tang_bennett,33697,train
classical,kiwujil,3096,train
modern,tang_bennett,33698,train
classical,kiwujil,3097,train
modern,tang_bennett,33703,train
classical,kiwujil,3098,train
modern,tang_bennett,33714,train
classical,kiwujil,3099,test
modern,tang_bennett,33720,test
classical,kiwujil,3100,train
modern,tang_bennett,33724,train
classical,kiwujil,3101,test
modern,tang_bennett,33739,test
classical,kiwujil,3102,train
modern,tang_bennett,33756,train
classical,kiwujil,3103,train
modern,tang_bennett,33768,train
classical,kiwujil,3104,train
modern,tang_bennett,33774,train
classical,kiwujil,3105,train
modern,tang_bennett,33783,train
classical,kiwujil,3106,test
modern,tang_bennett,33786,test
classical,kiwujil,3107,train
modern,tang_bennett,33830,train
classical,kiwujil,3108,train
modern,tang_bennett,33831,train
classical,kiwujil,3109,train
modern,tang_bennett,33843,train
classical,kiwujil,3110,train
modern,tang_bennett,33852,train
classical,kiwujil,3111,train
modern,tang_bennett,33853,train
classical,kiwujil,3112,train
modern,tang_bennett,33865,train
classical,kiwujil,3113,train
modern,tang_bennett,33878,train
classical,kiwujil,3114,train
modern,tang_bennett,33885,train
classical,kiwujil,3115,train
modern,tang_bennett,33891,train
classical,kiwujil,3116,train
modern,tang_bennett,33898,train
classical,kiwujil,3117,train
modern,tang_bennett,33903,train
classical,kiwujil,3118,train
modern,tang_bennett,33915,train
classical,kiwujil,3119,train
modern,tang_bennett,33918,train
classical,kiwujil,3120,train
modern,tang_bennett,33921,train
classical,kiwujil,3121,train
modern,tang_bennett,33932,train
classical,kiwujil,3122,train
modern,tang_bennett,33942,train
classical,kiwujil,3123,train
modern,tang_bennett,33953,train
classical,kiwujil,3124,train
modern,tang_bennett,33960,train
classical,kiwujil,3125,train
modern,tang_bennett,33970,train
classical,kiwujil,3126,train
modern,tang_bennett,33971,train
classical,kiwujil,3127,test
modern,tang_bennett,33986,test
classical,kiwujil,3128,train
modern,tang_bennett,33989,train
classical,kiwujil,3129,train
modern,tang_bennett,34009,train
classical,kiwujil,3130,train
modern,tang_bennett,34016,train
classical,kiwujil,3131,train
modern,tang_bennett,34021,train
classical,kiwujil,3132,train
modern,tang_bennett,34024,train
classical,kiwujil,3133,train
modern,tang_bennett,34031,train
classical,kiwujil,3134,train
modern,tang_bennett,34035,train
classical,kiwujil,3135,train
modern,tang_bennett,34037,train
classical,kiwujil,3136,train
modern,tang_bennett,34041,train
classical,kiwujil,3137,test
modern,tang_bennett,34050,test
classical,kiwujil,3138,train
modern,tang_bennett,34054,train
classical,kiwujil,3139,train
modern,tang_bennett,34066,train
classical,kiwujil,3140,train
modern,tang_bennett,34070,train
classical,kiwujil,3141,train
modern,tang_bennett,34083,train
classical,kiwujil,3142,train
modern,tang_bennett,34098,train
classical,kiwujil,3143,train
modern,tang_bennett,34104,train
classical,kiwujil,3144,train
modern,tang_bennett,34111,train
classical,kiwujil,3145,train
modern,tang_bennett,34121,train
classical,kiwujil,3146,test
modern,tang_bennett,34130,test
classical,kiwujil,3147,train
modern,tang_bennett,34150,train
classical,kiwujil,3148,train
modern,tang_bennett,34156,train
classical,kiwujil,3149,test
modern,tang_bennett,34178,test
classical,kiwujil,3150,test
modern,tang_bennett,34187,test
classical,kiwujil,3151,train
modern,tang_bennett,34189,train
classical,kiwujil,3152,train
modern,tang_bennett,34207,train
classical,kiwujil,3153,train
modern,tang_bennett,34208,train
classical,kiwujil,3154,train
modern,tang_bennett,34223,train
classical,kiwujil,3155,train
modern,tang_bennett,34230,train
classical,kiwujil,3156,train
modern,tang_bennett,34232,train
classical,kiwujil,3157,train
modern,tang_bennett,34239,train
classical,kiwujil,3158,train
modern,tang_bennett,34259,train
classical,kiwujil,3159,test
modern,tang_bennett,34294,test
classical,kiwujil,3160,train
modern,tang_bennett,34305,train
classical,kiwujil,3161,train
modern,tang_bennett,34325,train
classical,kiwujil,3162,train
modern,tang_bennett,34336,train
classical,kiwujil,3163,train
modern,tang_bennett,34350,train
classical,kiwujil,3164,train
modern,tang_bennett,34367,train
classical,kiwujil,3165,train
modern,tang_bennett,34368,train
classical,kiwujil,3166,test
modern,tang_bennett,34383,test
classical,kiwujil,3167,train
modern,tang_bennett,34390,train
classical,kiwujil,3168,train
modern,tang_bennett,34393,train
classical,kiwujil,3169,train
modern,tang_bennett,34402,train
classical,kiwujil,3170,train
modern,tang_bennett,34403,train
classical,kiwujil,3171,train
modern,tang_bennett,34426,train
classical,kiwujil,3172,train
modern,tang_bennett,34431,train
classical,kiwujil,3173,train
modern,tang_bennett,34439,train
classical,kiwujil,3174,train
modern,tang_bennett,34458,train
classical,kiwujil,3175,train
modern,tang_bennett,34463,train
classical,kiwujil,3176,train
modern,tang_bennett,34474,train
classical,kiwujil,3177,test
modern,tang_bennett,34500,test
classical,kiwujil,3178,test
modern,tang_bennett,34503,test
classical,kiwujil,3179,train
modern,tang_bennett,34515,train
classical,kiwujil,3180,train
modern,tang_bennett,34531,train
classical,kiwujil,3181,train
modern,tang_bennett,34535,train
classical,kiwujil,3182,train
modern,tang_bennett,34546,train
classical,kiwujil,3183,test
modern,tang_bennett,34550,test
classical,kiwujil,3184,train
modern,tang_bennett,34568,train
classical,kiwujil,3185,train
modern,tang_bennett,34571,train
classical,kiwujil,3186,test
modern,tang_bennett,34572,test
classical,kiwujil,3187,test
modern,tang_bennett,34586,test
classical,kiwujil,3188,train
modern,tang_bennett,34594,train
classical,kiwujil,3189,test
modern,tang_bennett,34627,test
classical,kiwujil,3190,train
modern,tang_bennett,34628,train
classical,kiwujil,3191,train
modern,tang_bennett,34629,train
classical,kiwujil,3192,train
modern,tang_bennett,34658,train
classical,kiwujil,3193,train
modern,tang_bennett,34670,train
classical,kiwujil,3194,train
modern,tang_bennett,34687,train
classical,kiwujil,3195,train
modern,tang_bennett,34696,train
classical,kiwujil,3196,train
modern,tang_bennett,34705,train
classical,kiwujil,3197,train
modern,tang_bennett,34718,train
classical,kiwujil,3198,train
modern,tang_bennett,34732,train
classical,kiwujil,3199,test
modern,tang_bennett,34747,test
classical,kiwujil,3200,train
modern,tang_bennett,34751,train
classical,kiwujil,3201,train
modern,tang_bennett,34753,train
classical,kiwujil,3202,train
modern,tang_bennett,34765,train
classical,kiwujil,3203,train
modern,tang_bennett,34769,train
classical,kiwujil,3204,train
modern,tang_bennett,34772,train
classical,kiwujil,3205,train
modern,tang_bennett,34779,train
classical,kiwujil,3206,train
modern,tang_bennett,34835,train
classical,kiwujil,3207,test
modern,tang_bennett,34840,test
classical,kiwujil,3208,train
modern,tang_bennett,34842,train
classical,kiwujil,3209,test
modern,tang_bennett,34847,test
classical,kiwujil,3210,train
modern,tang_bennett,34864,train
classical,kiwujil,3211,train
modern,tang_bennett,34869,train
classical,kiwujil,3212,test
modern,tang_bennett,34879,test
classical,kiwujil,3213,train
modern,tang_bennett,34880,train
classical,kiwujil,3214,train
modern,tang_bennett,34889,train
classical,kiwujil,3215,train
modern,tang_bennett,34890,train
classical,kiwujil,3216,train
modern,tang_bennett,34895,train
classical,kiwujil,3217,train
modern,tang_bennett,34930,train
classical,kiwujil,3218,train
modern,tang_bennett,34936,train
classical,kiwujil,3219,train
modern,tang_bennett,34954,train
classical,kiwujil,3220,train
modern,tang_bennett,34964,train
classical,kiwujil,3221,test
modern,tang_bennett,34968,test
classical,kiwujil,3222,train
modern,tang_bennett,34974,train
classical,kiwujil,3223,test
modern,tang_bennett,34991,test
classical,kiwujil,3224,test
modern,tang_bennett,35015,test
classical,kiwujil,3225,train
modern,tang_bennett,35019,train
classical,kiwujil,3226,train
modern,tang_bennett,35021,train
classical,kiwujil,3227,train
modern,tang_bennett,35022,train
classical,kiwujil,3228,test
modern,tang_bennett,35035,test
classical,kiwujil,3229,train
modern,tang_bennett,35045,train
classical,kiwujil,3230,train
modern,tang_bennett,35066,train
classical,kiwujil,3231,test
modern,tang_bennett,35071,test
classical,kiwujil,3232,train
modern,tang_bennett,35077,train
classical,kiwujil,3233,train
modern,tang_bennett,35079,train
classical,kiwujil,3234,train
modern,tang_bennett,35088,train
classical,kiwujil,3235,train
modern,tang_bennett,35093,train
classical,kiwujil,3236,test
modern,tang_bennett,35100,test
classical,kiwujil,3237,train
modern,tang_bennett,35105,train
classical,kiwujil,3238,test
modern,tang_bennett,35116,test
classical,kiwujil,3239,test
modern,tang_bennett,35119,test
classical,kiwujil,3240,train
modern,tang_bennett,35141,train
classical,kiwujil,3241,test
modern,tang_bennett,35143,test
classical,kiwujil,3242,train
modern,tang_bennett,35149,train
classical,kiwujil,3243,train
modern,tang_bennett,35158,train
classical,kiwujil,3244,train
modern,tang_bennett,35161,train
classical,kiwujil,3245,test
modern,tang_bennett,35164,test
classical,kiwujil,3246,train
modern,tang_bennett,35171,train
classical,kiwujil,3247,train
modern,tang_bennett,35177,train
classical,kiwujil,3248,train
modern,tang_bennett,35179,train
classical,kiwujil,3249,train
modern,tang_bennett,35180,train
classical,kiwujil,3250,train
modern,tang_bennett,35199,train
classical,kiwujil,3251,train
modern,tang_bennett,35205,train
classical,kiwujil,3252,test
modern,tang_bennett,35209,test
classical,kiwujil,3253,train
modern,tang_bennett,35219,train
classical,kiwujil,3254,train
modern,tang_bennett,35253,train
classical,kiwujil,3255,train
modern,tang_bennett,35263,train
classical,kiwujil,3256,train
modern,tang_bennett,35265,train
classical,kiwujil,3257,train
modern,tang_bennett,35270,train
classical,kiwujil,3258,train
modern,tang_bennett,35271,train
classical,kiwujil,3259,train
modern,tang_bennett,35283,train
classical,kiwujil,3260,train
modern,tang_bennett,35285,train
classical,kiwujil,3261,train
modern,tang_bennett,35296,train
classical,kiwujil,3262,train
modern,tang_bennett,35329,train
classical,kiwujil,3263,train
modern,tang_bennett,35332,train
classical,kiwujil,3264,train
modern,tang_bennett,35357,train
classical,kiwujil,3265,train
modern,tang_bennett,35377,train
classical,kiwujil,3266,train
modern,tang_bennett,35386,train
classical,kiwujil,3267,train
modern,tang_bennett,35388,train
classical,kiwujil,3268,train
modern,tang_bennett,35392,train
classical,kiwujil,3269,train
modern,tang_bennett,35397,train
classical,kiwujil,3270,test
modern,tang_bennett,35398,test
classical,kiwujil,3271,test
modern,tang_bennett,35429,test
classical,kiwujil,3272,test
modern,tang_bennett,35441,test
classical,kiwujil,3273,train
modern,tang_bennett,35457,train
classical,kiwujil,3274,test
modern,tang_bennett,35464,test
classical,kiwujil,3275,train
modern,tang_bennett,35469,train
classical,kiwujil,3276,test
modern,tang_bennett,35480,test
classical,kiwujil,3277,train
modern,tang_bennett,35482,train
classical,kiwujil,3278,test
modern,tang_bennett,35491,test
classical,kiwujil,3279,train
modern,tang_bennett,35493,train
classical,kiwujil,3280,train
modern,tang_bennett,35514,train
classical,kiwujil,3281,test
modern,tang_bennett,35518,test
classical,kiwujil,3282,train
modern,tang_bennett,35525,train
classical,kiwujil,3283,train
modern,tang_bennett,35538,train
classical,kiwujil,3284,train
modern,tang_bennett,35549,train
classical,kiwujil,3285,train
modern,tang_bennett,35551,train
classical,kiwujil,3286,train
modern,tang_bennett,35583,train
classical,kiwujil,3287,train
modern,tang_bennett,35600,train
classical,kiwujil,3288,train
modern,tang_bennett,35605,train
classical,kiwujil,3289,train
modern,tang_bennett,35609,train
classical,kiwujil,3290,train
modern,tang_bennett,35633,train
classical,kiwujil,3291,train
modern,tang_bennett,35641,train
classical,kiwujil,3292,train
modern,tang_bennett,35662,train
classical,kiwujil,3293,train
modern,tang_bennett,35673,train
classical,kiwujil,3294,train
modern,tang_bennett,35681,train
classical,kiwujil,3295,test
modern,tang_bennett,35690,test
classical,kiwujil,3296,train
modern,tang_bennett,35726,train
classical,kiwujil,3297,train
modern,tang_bennett,35740,train
classical,kiwujil,3298,test
modern,tang_bennett,35742,test
classical,kiwujil,3299,train
modern,tang_bennett,35764,train
classical,kiwujil,3300,train
modern,tang_bennett,35770,train
classical,kiwujil,3301,train
modern,tang_bennett,35788,train
classical,kiwujil,3302,train
modern,tang_bennett,35789,train
classical,kiwujil,3303,train
modern,tang_bennett,35790,train
classical,kiwujil,3304,train
modern,tang_bennett,35793,train
classical,kiwujil,3305,train
modern,tang_bennett,35797,train
classical,kiwujil,3306,train
modern,tang_bennett,35800,train
classical,kiwujil,3307,train
modern,tang_bennett,35828,train
classical,kiwujil,3308,test
modern,tang_bennett,35837,test
classical,kiwujil,3309,train
modern,tang_bennett,35852,train
classical,kiwujil,3310,train
modern,tang_bennett,35865,train
classical,kiwujil,3311,train
modern,tang_bennett,35887,train
classical,kiwujil,3312,train
modern,tang_bennett,35903,train
classical,kiwujil,3313,train
modern,tang_bennett,35904,train
classical,kiwujil,3314,train
modern,tang_bennett,35909,train
classical,kiwujil,3315,train
modern,tang_bennett,35915,train
classical,kiwujil,3316,test
modern,tang_bennett,35926,test
classical,kiwujil,3317,train
modern,tang_bennett,35931,train
classical,kiwujil,3318,test
modern,tang_bennett,35937,test
classical,kiwujil,3319,train
modern,tang_bennett,35944,train
classical,kiwujil,3320,train
modern,tang_bennett,35992,train
classical,kiwujil,3321,test
modern,tang_bennett,35993,test
classical,kiwujil,3322,train
modern,tang_bennett,35995,train
classical,kiwujil,3323,train
modern,tang_bennett,36012,train
classical,kiwujil,3324,test
modern,tang_bennett,36028,test
classical,kiwujil,3325,test
modern,tang_bennett,36034,test
classical,kiwujil,3326,test
modern,tang_bennett,36048,test
classical,kiwujil,3327,train
modern,tang_bennett,36057,train
classical,kiwujil,3328,train
modern,tang_bennett,36066,train
classical,kiwujil,3329,train
modern,tang_bennett,36101,train
classical,kiwujil,3330,train
modern,tang_bennett,36110,train
classical,kiwujil,3331,train
modern,tang_bennett,36115,train
classical,kiwujil,3332,train
modern,tang_bennett,36135,train
classical,kiwujil,3333,train
modern,tang_bennett,36137,train
classical,kiwujil,3334,test
modern,tang_bennett,36145,test
classical,kiwujil,3335,train
modern,tang_bennett,36150,train
classical,kiwujil,3336,train
modern,tang_bennett,36155,train
classical,kiwujil,3337,train
modern,tang_bennett,36159,train
classical,kiwujil,3338,test
modern,tang_bennett,36160,test
classical,kiwujil,3339,train
modern,tang_bennett,36169,train
classical,kiwujil,3340,train
modern,tang_bennett,36170,train
classical,kiwujil,3341,train
modern,tang_bennett,36176,train
classical,kiwujil,3342,train
modern,tang_bennett,36180,train
classical,kiwujil,3343,train
modern,tang_bennett,36195,train
classical,kiwujil,3344,train
modern,tang_bennett,36208,train
classical,kiwujil,3345,test
modern,tang_bennett,36212,test
classical,kiwujil,3346,train
modern,tang_bennett,36218,train
classical,kiwujil,3347,train
modern,tang_bennett,36220,train
classical,kiwujil,3348,train
modern,tang_bennett,36223,train
classical,kiwujil,3349,train
modern,tang_bennett,36226,train
classical,kiwujil,3350,train
modern,tang_bennett,36227,train
classical,kiwujil,3351,train
modern,tang_bennett,36232,train
classical,kiwujil,3352,train
modern,tang_bennett,36241,train
classical,kiwujil,3353,test
modern,tang_bennett,36266,test
classical,kiwujil,3354,test
modern,tang_bennett,36275,test
classical,kiwujil,3355,test
modern,tang_bennett,36279,test
classical,kiwujil,3356,train
modern,tang_bennett,36302,train
classical,kiwujil,3357,train
modern,tang_bennett,36324,train
classical,kiwujil,3358,test
modern,tang_bennett,36339,test
classical,kiwujil,3359,train
modern,tang_bennett,36342,train
classical,kiwujil,3360,train
modern,tang_bennett,36346,train
classical,kiwujil,3361,test
modern,tang_bennett,36348,test
classical,kiwujil,3362,train
modern,tang_bennett,36351,train
classical,kiwujil,3363,train
modern,tang_bennett,36355,train
classical,kiwujil,3364,train
modern,tang_bennett,36357,train
classical,kiwujil,3365,train
modern,tang_bennett,36364,train
classical,kiwujil,3366,test
modern,tang_bennett,36420,test
classical,kiwujil,3367,train
modern,tang_bennett,36422,train
classical,kiwujil,3368,train
modern,tang_bennett,36459,train
classical,kiwujil,3369,train
modern,tang_bennett,36469,train
classical,kiwujil,3370,train
modern,tang_bennett,36470,train
classical,kiwujil,3371,train
modern,tang_bennett,36483,train
classical,kiwujil,3372,train
modern,tang_bennett,36505,train
classical,kiwujil,3373,train
modern,tang_bennett,36511,train
classical,kiwujil,3374,train
modern,tang_bennett,36523,train
classical,kiwujil,3375,train
modern,tang_bennett,36534,train
classical,kiwujil,3376,test
modern,tang_bennett,36564,test
classical,kiwujil,3377,train
modern,tang_bennett,36576,train
classical,kiwujil,3378,train
modern,tang_bennett,36588,train
classical,kiwujil,3379,train
modern,tang_bennett,36609,train
classical,kiwujil,3380,test
modern,tang_bennett,36625,test
classical,kiwujil,3381,train
modern,tang_bennett,36630,train
classical,kiwujil,3382,train
modern,tang_bennett,36642,train
classical,kiwujil,3383,test
modern,tang_bennett,36660,test
classical,kiwujil,3384,train
modern,tang_bennett,36664,train
classical,kiwujil,3385,train
modern,tang_bennett,36670,train
classical,kiwujil,3386,train
modern,tang_bennett,36682,train
classical,kiwujil,3387,train
modern,tang_bennett,36692,train
classical,kiwujil,3388,train
modern,tang_bennett,36706,train
classical,kiwujil,3389,train
modern,tang_bennett,36710,train
classical,kiwujil,3390,test
modern,tang_bennett,36729,test
classical,kiwujil,3391,train
modern,tang_bennett,36733,train
classical,kiwujil,3392,train
modern,tang_bennett,36734,train
classical,kiwujil,3393,train
modern,tang_bennett,36736,train
classical,kiwujil,3394,train
modern,tang_bennett,36748,train
classical,kiwujil,3395,train
modern,tang_bennett,36766,train
classical,kiwujil,3396,train
modern,tang_bennett,36767,train
classical,kiwujil,3397,train
modern,tang_bennett,36797,train
classical,kiwujil,3398,train
modern,tang_bennett,36800,train
classical,kiwujil,3399,test
modern,tang_bennett,36813,test
classical,kiwujil,3400,train
modern,tang_bennett,36822,train
classical,kiwujil,3401,train
modern,tang_bennett,36824,train
classical,kiwujil,3402,train
modern,tang_bennett,36852,train
classical,kiwujil,3403,train
modern,tang_bennett,36859,train
classical,kiwujil,3404,train
modern,tang_bennett,36869,train
classical,kiwujil,3405,test
modern,tang_bennett,36912,test
classical,kiwujil,3406,train
modern,tang_bennett,36947,train
classical,kiwujil,3407,train
modern,tang_bennett,36950,train
classical,kiwujil,3408,train
modern,tang_bennett,36994,train
classical,kiwujil,3409,test
modern,tang_bennett,36997,test
classical,kiwujil,3410,test
modern,tang_bennett,37009,test
classical,kiwujil,3411,train
modern,tang_bennett,37023,train
classical,kiwujil,3412,train
modern,tang_bennett,37044,train
classical,kiwujil,3413,test
modern,tang_bennett,37048,test
classical,kiwujil,3414,train
modern,tang_bennett,37061,train
classical,kiwujil,3415,test
modern,tang_bennett,37108,test
classical,kiwujil,3416,train
modern,tang_bennett,37117,train
classical,kiwujil,3417,train
modern,tang_bennett,37119,train
classical,kiwujil,3418,train
modern,tang_bennett,37123,train
classical,kiwujil,3419,train
modern,tang_bennett,37132,train
classical,kiwujil,3420,test
modern,tang_bennett,37135,test
classical,kiwujil,3421,train
modern,tang_bennett,37138,train
classical,kiwujil,3422,train
modern,tang_bennett,37144,train
classical,kiwujil,3423,test
modern,tang_bennett,37147,test
classical,kiwujil,3424,train
modern,tang_bennett,37149,train
classical,kiwujil,3425,test
modern,tang_bennett,37155,test
classical,kiwujil,3426,train
modern,tang_bennett,37171,train
classical,kiwujil,3427,train
modern,tang_bennett,37189,train
classical,kiwujil,3428,train
modern,tang_bennett,37200,train
classical,kiwujil,3429,train
modern,tang_bennett,37207,train
classical,kiwujil,3430,test
modern,tang_bennett,37210,test
classical,kiwujil,3431,train
modern,tang_bennett,37214,train
classical,kiwujil,3432,train
modern,tang_bennett,37224,train
classical,kiwujil,3433,train
modern,tang_bennett,37246,train
classical,kiwujil,3434,train
modern,tang_bennett,37251,train
classical,kiwujil,3435,test
modern,tang_bennett,37254,test
classical,kiwujil,3436,train
modern,tang_bennett,37284,train
classical,kiwujil,3437,train
modern,tang_bennett,37288,train
classical,kiwujil,3438,train
modern,tang_bennett,37296,train
classical,kiwujil,3439,train
modern,tang_bennett,37298,train
classical,kiwujil,3440,train
modern,tang_bennett,37306,train
classical,kiwujil,3441,test
modern,tang_bennett,37311,test
classical,kiwujil,3442,train
modern,tang_bennett,37319,train
classical,kiwujil,3443,train
modern,tang_bennett,37322,train
classical,kiwujil,3444,train
modern,tang_bennett,37326,train
classical,kiwujil,3445,train
modern,tang_bennett,37334,train
classical,kiwujil,3446,train
modern,tang_bennett,37344,train
classical,kiwujil,3447,train
modern,tang_bennett,37354,train
classical,kiwujil,3448,test
modern,tang_bennett,37367,test
classical,kiwujil,3449,train
modern,tang_bennett,37374,train
classical,kiwujil,3450,train
modern,tang_bennett,37378,train
classical,kiwujil,3451,train
modern,tang_bennett,37402,train
classical,kiwujil,3452,train
modern,tang_bennett,37435,train
classical,kiwujil,3453,test
modern,tang_bennett,37442,test
classical,kiwujil,3454,train
modern,tang_bennett,37447,train
classical,kiwujil,3455,train
modern,tang_bennett,37458,train
classical,kiwujil,3456,train
modern,tang_bennett,37479,train
classical,kiwujil,3457,train
modern,tang_bennett,37489,train
classical,kiwujil,3458,train
modern,tang_bennett,37511,train
classical,kiwujil,3459,train
modern,tang_bennett,37521,train
classical,kiwujil,3460,train
modern,tang_bennett,37526,train
classical,kiwujil,3461,train
modern,tang_bennett,37535,train
classical,kiwujil,3462,test
modern,tang_bennett,37540,test
classical,kiwujil,3463,train
modern,tang_bennett,37550,train
classical,kiwujil,3464,train
modern,tang_bennett,37554,train
classical,kiwujil,3465,test
modern,tang_bennett,37564,test
classical,kiwujil,3466,test
modern,tang_bennett,37571,test
classical,kiwujil,3467,train
modern,tang_bennett,37572,train
classical,kiwujil,3468,train
modern,tang_bennett,37579,train
classical,kiwujil,3469,train
modern,tang_bennett,37590,train
classical,kiwujil,3470,test
modern,tang_bennett,37594,test
classical,kiwujil,3471,train
modern,tang_bennett,37596,train
classical,kiwujil,3472,train
modern,tang_bennett,37602,train
classical,kiwujil,3473,train
modern,tang_bennett,37605,train
classical,kiwujil,3474,train
modern,tang_bennett,37607,train
classical,kiwujil,3475,train
modern,tang_bennett,37610,train
classical,kiwujil,3476,test
modern,tang_bennett,37633,test
classical,kiwujil,3477,train
modern,tang_bennett,37636,train
classical,kiwujil,3478,train
modern,tang_bennett,37641,train
classical,kiwujil,3479,test
modern,tang_bennett,37644,test
classical,kiwujil,3480,test
modern,tang_bennett,37729,test
classical,kiwujil,3481,train
modern,tang_bennett,37743,train
classical,kiwujil,3482,train
modern,tang_bennett,37752,train
classical,kiwujil,3483,train
modern,tang_bennett,37753,train
classical,kiwujil,3484,train
modern,tang_bennett,37772,train
classical,kiwujil,3485,train
modern,tang_bennett,37774,train
classical,kiwujil,3486,train
modern,tang_bennett,37795,train
classical,kiwujil,3487,train
modern,tang_bennett,37798,train
classical,kiwujil,3488,train
modern,tang_bennett,37810,train
classical,kiwujil,3489,train
modern,tang_bennett,37815,train
classical,kiwujil,3490,train
modern,tang_bennett,37830,train
classical,kiwujil,3491,test
modern,tang_bennett,37863,test
classical,kiwujil,3492,train
modern,tang_bennett,37865,train
classical,kiwujil,3493,train
modern,tang_bennett,37866,train
classical,kiwujil,3494,train
modern,tang_bennett,37867,train
classical,kiwujil,3495,train
modern,tang_bennett,37872,train
classical,kiwujil,3496,train
modern,tang_bennett,37881,train
classical,kiwujil,3497,train
modern,tang_bennett,37884,train
classical,kiwujil,3498,test
modern,tang_bennett,37886,test
classical,kiwujil,3499,train
modern,tang_bennett,37905,train
classical,kiwujil,3500,train
modern,tang_bennett,37924,train
classical,kiwujil,3501,test
modern,tang_bennett,37958,test
classical,kiwujil,3502,train
modern,tang_bennett,37959,train
classical,kiwujil,3503,train
modern,tang_bennett,38004,train
classical,kiwujil,3504,train
modern,tang_bennett,38017,train
classical,kiwujil,3505,train
modern,tang_bennett,38022,train
classical,kiwujil,3506,test
modern,tang_bennett,38029,test
classical,kiwujil,3507,train
modern,tang_bennett,38033,train
classical,kiwujil,3508,train
modern,tang_bennett,38038,train
classical,kiwujil,3509,test
modern,tang_bennett,38042,test
classical,kiwujil,3510,train
modern,tang_bennett,38055,train
classical,kiwujil,3511,test
modern,tang_bennett,38056,test
classical,kiwujil,3512,train
modern,tang_bennett,38058,train
classical,kiwujil,3513,train
modern,tang_bennett,38063,train
classical,kiwujil,3514,test
modern,tang_bennett,38065,test
classical,kiwujil,3515,train
modern,tang_bennett,38118,train
classical,kiwujil,3516,train
modern,tang_bennett,38120,train
classical,kiwujil,3517,train
modern,tang_bennett,38137,train
classical,kiwujil,3518,test
modern,tang_bennett,38149,test
classical,kiwujil,3519,train
modern,tang_bennett,38150,train
classical,kiwujil,3520,train
modern,tang_bennett,38152,train
classical,kiwujil,3521,test
modern,tang_bennett,38159,test
classical,kiwujil,3522,train
modern,tang_bennett,38181,train
classical,kiwujil,3523,train
modern,tang_bennett,38183,train
classical,kiwujil,3524,train
modern,tang_bennett,38200,train
classical,kiwujil,3525,test
modern,tang_bennett,38201,test
classical,kiwujil,3526,train
modern,tang_bennett,38202,train
classical,kiwujil,3527,train
modern,tang_bennett,38239,train
classical,kiwujil,3528,train
modern,tang_bennett,38245,train
classical,kiwujil,3529,test
modern,tang_bennett,38259,test
classical,kiwujil,3530,train
modern,tang_bennett,38265,train
classical,kiwujil,3531,train
modern,tang_bennett,38270,train
classical,kiwujil,3532,train
modern,tang_bennett,38285,train
classical,kiwujil,3533,test
modern,tang_bennett,38299,test
classical,kiwujil,3534,train
modern,tang_bennett,38303,train
classical,kiwujil,3535,train
modern,tang_bennett,38311,train
classical,kiwujil,3536,train
modern,tang_bennett,38335,train
classical,kiwujil,3537,train
modern,tang_bennett,38354,train
classical,kiwujil,3538,train
modern,tang_bennett,38371,train
classical,kiwujil,3539,train
modern,tang_bennett,38376,train
classical,kiwujil,3540,test
modern,tang_bennett,38396,test
classical,kiwujil,3541,test
modern,tang_bennett,38397,test
classical,kiwujil,3542,train
modern,tang_bennett,38407,train
classical,kiwujil,3543,train
modern,tang_bennett,38435,train
classical,kiwujil,3544,train
modern,tang_bennett,38443,train
classical,kiwujil,3545,train
modern,tang_bennett,38460,train
classical,kiwujil,3546,train
modern,tang_bennett,38473,train
classical,kiwujil,3547,test
modern,tang_bennett,38498,test
classical,kiwujil,3548,train
modern,tang_bennett,38508,train
classical,kiwujil,3549,test
modern,tang_bennett,38529,test
classical,kiwujil,3550,train
modern,tang_bennett,38538,train
classical,kiwujil,3551,train
modern,tang_bennett,38543,train
classical,kiwujil,3552,train
modern,tang_bennett,38545,train
classical,kiwujil,3553,train
modern,tang_bennett,38549,train
classical,kiwujil,3554,train
modern,tang_bennett,38568,train
classical,kiwujil,3555,train
modern,tang_bennett,38573,train
classical,kiwujil,3556,train
modern,tang_bennett,38615,train
classical,kiwujil,3557,train
modern,tang_bennett,38620,train
classical,kiwujil,3558,train
modern,tang_bennett,38634,train
classical,kiwujil,3559,train
modern,tang_bennett,38651,train
classical,kiwujil,3560,train
modern,tang_bennett,38657,train
classical,kiwujil,3561,train
modern,tang_bennett,38665,train
classical,kiwujil,3562,test
modern,tang_bennett,38669,test
classical,kiwujil,3563,train
modern,tang_bennett,38674,train
classical,kiwujil,3564,train
modern,tang_bennett,38705,train
classical,kiwujil,3565,test
modern,tang_bennett,38711,test
classical,kiwujil,3566,test
modern,tang_bennett,38712,test
classical,kiwujil,3567,train
modern,tang_bennett,38725,train
classical,kiwujil,3568,test
modern,tang_bennett,38731,test
classical,kiwujil,3569,test
modern,tang_bennett,38784,test
classical,kiwujil,3570,train
modern,tang_bennett,38786,train
classical,kiwujil,3571,train
modern,tang_bennett,38803,train
classical,kiwujil,3572,test
modern,tang_bennett,38822,test
classical,kiwujil,3573,train
modern,tang_bennett,38827,train
classical,kiwujil,3574,train
modern,tang_bennett,38831,train
classical,kiwujil,3575,train
modern,tang_bennett,38845,train
classical,kiwujil,3576,train
modern,tang_bennett,38862,train
classical,kiwujil,3577,test
modern,tang_bennett,38863,test
classical,kiwujil,3578,train
modern,tang_bennett,38880,train
classical,kiwujil,3579,train
modern,tang_bennett,38881,train
classical,kiwujil,3580,test
modern,tang_bennett,38905,test
classical,kiwujil,3581,train
modern,tang_bennett,38908,train
classical,kiwujil,3582,train
modern,tang_bennett,38930,train
classical,kiwujil,3583,train
modern,tang_bennett,38940,train
classical,kiwujil,3584,train
modern,tang_bennett,38966,train
classical,kiwujil,3585,train
modern,tang_bennett,38976,train
classical,kiwujil,3586,train
modern,tang_bennett,38983,train
classical,kiwujil,3587,train
modern,tang_bennett,38992,train
classical,kiwujil,3588,train
modern,tang_bennett,38995,train
classical,kiwujil,3589,test
modern,tang_bennett,39008,test
classical,kiwujil,3590,train
modern,tang_bennett,39020,train
classical,kiwujil,3591,test
modern,tang_bennett,39024,test
classical,kiwujil,3592,train
modern,tang_bennett,39069,train
classical,kiwujil,3593,train
modern,tang_bennett,39078,train
classical,kiwujil,3594,train
modern,tang_bennett,39088,train
classical,kiwujil,3595,train
modern,tang_bennett,39121,train
classical,kiwujil,3596,train
modern,tang_bennett,39123,train
classical,kiwujil,3597,train
modern,tang_bennett,39140,train
classical,kiwujil,3598,train
modern,tang_bennett,39149,train
classical,kiwujil,3599,train
modern,tang_bennett,39153,train
classical,kiwujil,3600,train
modern,tang_bennett,39159,train
classical,kiwujil,3601,train
modern,tang_bennett,39163,train
classical,kiwujil,3602,train
modern,tang_bennett,39170,train
classical,kiwujil,3603,test
modern,tang_bennett,39177,test
classical,kiwujil,3604,train
modern,tang_bennett,39178,train
classical,kiwujil,3605,train
modern,tang_bennett,39181,train
classical,kiwujil,3606,train
modern,tang_bennett,39197,train
classical,kiwujil,3607,test
modern,tang_bennett,39228,test
classical,kiwujil,3608,train
modern,tang_bennett,39230,train
classical,kiwujil,3609,train
modern,tang_bennett,39234,train
classical,kiwujil,3610,train
modern,tang_bennett,39237,train
classical,kiwujil,3611,train
modern,tang_bennett,39243,train
classical,kiwujil,3612,train
modern,tang_bennett,39250,train
classical,kiwujil,3613,train
modern,tang_bennett,39252,train
classical,kiwujil,3614,train
modern,tang_bennett,39296,train
classical,kiwujil,3615,train
modern,tang_bennett,39310,train
classical,kiwujil,3616,test
modern,tang_bennett,39319,test
classical,kiwujil,3617,train
modern,tang_bennett,39323,train
classical,kiwujil,3618,train
modern,tang_bennett,39327,train
classical,kiwujil,3619,train
modern,tang_bennett,39342,train
classical,kiwujil,3620,train
modern,tang_bennett,39359,train
classical,kiwujil,3621,train
modern,tang_bennett,39364,train
classical,kiwujil,3622,train
modern,tang_bennett,39366,train
classical,kiwujil,3623,train
modern,tang_bennett,39376,train
classical,kiwujil,3624,train
modern,tang_bennett,39382,train
classical,kiwujil,3625,train
modern,tang_bennett,39386,train
classical,kiwujil,3626,train
modern,tang_bennett,39399,train
classical,kiwujil,3627,train
modern,tang_bennett,39407,train
classical,kiwujil,3628,test
modern,tang_bennett,39416,test
classical,kiwujil,3629,train
modern,tang_bennett,39418,train
classical,kiwujil,3630,test
modern,tang_bennett,39421,test
classical,kiwujil,3631,train
modern,tang_bennett,39439,train
classical,kiwujil,3632,train
modern,tang_bennett,39463,train
classical,kiwujil,3633,train
modern,tang_bennett,39490,train
classical,kiwujil,3634,train
modern,tang_bennett,39494,train
classical,kiwujil,3635,train
modern,tang_bennett,39504,train
classical,kiwujil,3636,train
modern,tang_bennett,39535,train
classical,kiwujil,3637,train
modern,tang_bennett,39541,train
classical,kiwujil,3638,test
modern,tang_bennett,39560,test
classical,kiwujil,3639,train
modern,tang_bennett,39566,train
classical,kiwujil,3640,test
modern,tang_bennett,39582,test
classical,kiwujil,3641,train
modern,tang_bennett,39587,train
classical,kiwujil,3642,train
modern,tang_bennett,39592,train
classical,kiwujil,3643,test
modern,tang_bennett,39593,test
classical,kiwujil,3644,train
modern,tang_bennett,39603,train
classical,kiwujil,3645,train
modern,tang_bennett,39616,train
classical,kiwujil,3646,train
modern,tang_bennett,39638,train
classical,kiwujil,3647,train
modern,tang_bennett,39645,train
classical,kiwujil,3648,train
modern,tang_bennett,39675,train
classical,kiwujil,3649,train
modern,tang_bennett,39711,train
classical,kiwujil,3650,test
modern,tang_bennett,39749,test
classical,kiwujil,3651,test
modern,tang_bennett,39789,test
classical,kiwujil,3652,train
modern,tang_bennett,39790,train
classical,kiwujil,3653,train
modern,tang_bennett,39818,train
classical,kiwujil,3654,train
modern,tang_bennett,39832,train
classical,kiwujil,3655,train
modern,tang_bennett,39846,train
classical,kiwujil,3656,test
modern,tang_bennett,39847,test
classical,kiwujil,3657,train
modern,tang_bennett,39867,train
classical,kiwujil,3658,train
modern,tang_bennett,39915,train
classical,kiwujil,3659,train
modern,tang_bennett,39918,train
classical,kiwujil,3660,train
modern,tang_bennett,39928,train
classical,kiwujil,3661,test
modern,tang_bennett,39929,test
classical,kiwujil,3662,test
modern,tang_bennett,39938,test
classical,kiwujil,3663,train
modern,tang_bennett,39944,train
classical,kiwujil,3664,train
modern,tang_bennett,39949,train
classical,kiwujil,3665,train
modern,tang_bennett,39963,train
classical,kiwujil,3666,train
modern,tang_bennett,39969,train
classical,kiwujil,3667,train
modern,tang_bennett,39987,train
classical,kiwujil,3668,train
modern,tang_bennett,39995,train
classical,kiwujil,3669,test
modern,tang_bennett,40008,test
classical,kiwujil,3670,train
modern,tang_bennett,40011,train
classical,kiwujil,3671,train
modern,tang_bennett,40015,train
classical,kiwujil,3672,train
modern,tang_bennett,40021,train
classical,kiwujil,3673,test
modern,tang_bennett,40032,test
classical,kiwujil,3674,train
modern,tang_bennett,40036,train
classical,kiwujil,3675,train
modern,tang_bennett,40038,train
classical,kiwujil,3676,train
modern,tang_bennett,40060,train
classical,kiwujil,3677,train
modern,tang_bennett,40081,train
classical,kiwujil,3678,train
modern,tang_bennett,40107,train
classical,kiwujil,3679,test
modern,tang_bennett,40117,test
classical,kiwujil,3680,train
modern,tang_bennett,40120,train
classical,kiwujil,3681,train
modern,tang_bennett,40138,train
classical,kiwujil,3682,train
modern,tang_bennett,40175,train
classical,kiwujil,3683,train
modern,tang_bennett,40177,train
classical,kiwujil,3684,train
modern,tang_bennett,40224,train
classical,kiwujil,3685,train
modern,tang_bennett,40234,train
classical,kiwujil,3686,test
modern,tang_bennett,40235,test
classical,kiwujil,3687,train
modern,tang_bennett,40253,train
classical,kiwujil,3688,test
modern,tang_bennett,40254,test
classical,kiwujil,3689,test
modern,tang_bennett,40258,test
classical,kiwujil,3690,train
modern,tang_bennett,40260,train
classical,kiwujil,3691,train
modern,tang_bennett,40268,train
classical,kiwujil,3692,train
modern,tang_bennett,40295,train
classical,kiwujil,3693,train
modern,tang_bennett,40297,train
classical,kiwujil,3694,train
modern,tang_bennett,40299,train
classical,kiwujil,3695,train
modern,tang_bennett,40306,train
classical,kiwujil,3696,train
modern,tang_bennett,40312,train
classical,kiwujil,3697,train
modern,tang_bennett,40315,train
classical,kiwujil,3698,train
modern,tang_bennett,40350,train
classical,kiwujil,3699,train
modern,tang_bennett,40386,train
classical,kiwujil,3700,train
modern,tang_bennett,40391,train
classical,kiwujil,3701,train
modern,tang_bennett,40404,train
classical,kiwujil,3702,train
modern,tang_bennett,40447,train
classical,kiwujil,3703,train
modern,tang_bennett,40451,train
classical,kiwujil,3704,train
modern,tang_bennett,40453,train
classical,kiwujil,3705,train
modern,tang_bennett,40474,train
classical,kiwujil,3706,train
modern,tang_bennett,40476,train
classical,kiwujil,3707,train
modern,tang_bennett,40478,train
classical,kiwujil,3708,train
modern,tang_bennett,40480,train
classical,kiwujil,3709,train
modern,tang_bennett,40489,train
classical,kiwujil,3710,train
modern,tang_bennett,40532,train
classical,kiwujil,3711,train
modern,tang_bennett,40574,train
classical,kiwujil,3712,train
modern,tang_bennett,40578,train
classical,kiwujil,3713,train
modern,tang_bennett,40597,train
classical,kiwujil,3714,train
modern,tang_bennett,40599,train
classical,kiwujil,3715,train
modern,tang_bennett,40604,train
classical,kiwujil,3716,train
modern,tang_bennett,40612,train
classical,kiwujil,3717,train
modern,tang_bennett,40616,train
classical,kiwujil,3718,train
modern,tang_bennett,40624,train
classical,kiwujil,3719,train
modern,tang_bennett,40625,train
classical,kiwujil,3720,test
modern,tang_bennett,40626,test
classical,kiwujil,3721,test
modern,tang_bennett,40630,test
classical,kiwujil,3722,train
modern,tang_bennett,40636,train
classical,kiwujil,3723,train
modern,tang_bennett,40651,train
classical,kiwujil,3724,train
modern,tang_bennett,40654,train
classical,kiwujil,3725,train
modern,tang_bennett,40656,train
classical,kiwujil,3726,train
modern,tang_bennett,40662,train
classical,kiwujil,3727,train
modern,tang_bennett,40705,train
classical,kiwujil,3728,train
modern,tang_bennett,40733,train
classical,kiwujil,3729,train
modern,tang_bennett,40735,train
classical,kiwujil,3730,train
modern,tang_bennett,40740,train
classical,kiwujil,3731,train
modern,tang_bennett,40752,train
classical,kiwujil,3732,train
modern,tang_bennett,40776,train
classical,kiwujil,3733,train
modern,tang_bennett,40783,train
classical,kiwujil,3734,train
modern,tang_bennett,40805,train
classical,kiwujil,3735,train
modern,tang_bennett,40807,train
classical,kiwujil,3736,test
modern,tang_bennett,40816,test
classical,kiwujil,3737,train
modern,tang_bennett,40819,train
classical,kiwujil,3738,train
modern,tang_bennett,40825,train
classical,kiwujil,3739,train
modern,tang_bennett,40831,train
classical,kiwujil,3740,train
modern,tang_bennett,40835,train
classical,kiwujil,3741,test
modern,tang_bennett,40846,test
classical,kiwujil,3742,test
modern,tang_bennett,40848,test
classical,kiwujil,3743,test
modern,tang_bennett,40855,test
classical,kiwujil,3744,train
modern,tang_bennett,40858,train
classical,kiwujil,3745,train
modern,tang_bennett,40862,train
classical,kiwujil,3746,train
modern,tang_bennett,40885,train
classical,kiwujil,3747,train
modern,tang_bennett,40888,train
classical,kiwujil,3748,train
modern,tang_bennett,40905,train
classical,kiwujil,3749,train
modern,tang_bennett,40906,train
classical,kiwujil,3750,train
modern,tang_bennett,40910,train
classical,kiwujil,3751,train
modern,tang_bennett,40931,train
classical,kiwujil,3752,train
modern,tang_bennett,40933,train
classical,kiwujil,3753,test
modern,tang_bennett,40947,test
classical,kiwujil,3754,train
modern,tang_bennett,40972,train
classical,kiwujil,3755,train
modern,tang_bennett,40973,train
classical,kiwujil,3756,train
modern,tang_bennett,40985,train
classical,kiwujil,3757,train
modern,tang_bennett,41003,train
classical,kiwujil,3758,test
modern,tang_bennett,41017,test
classical,kiwujil,3759,test
modern,tang_bennett,41027,test
classical,kiwujil,3760,train
modern,tang_bennett,41031,train
classical,kiwujil,3761,train
modern,tang_bennett,41041,train
classical,kiwujil,3762,train
modern,tang_bennett,41047,train
classical,kiwujil,3763,train
modern,tang_bennett,41049,train
classical,kiwujil,3764,train
modern,tang_bennett,41054,train
classical,kiwujil,3765,train
modern,tang_bennett,41071,train
classical,kiwujil,3766,train
modern,tang_bennett,41080,train
classical,kiwujil,3767,train
modern,tang_bennett,41122,train
classical,kiwujil,3768,train
modern,tang_bennett,41128,train
classical,kiwujil,3769,test
modern,tang_bennett,41131,test
classical,kiwujil,3770,train
modern,tang_bennett,41150,train
classical,kiwujil,3771,train
modern,tang_bennett,41165,train
classical,kiwujil,3772,train
modern,tang_bennett,41167,train
classical,kiwujil,3773,test
modern,tang_bennett,41176,test
classical,kiwujil,3774,train
modern,tang_bennett,41183,train
classical,kiwujil,3775,train
modern,tang_bennett,41185,train
classical,kiwujil,3776,train
modern,tang_bennett,41190,train
classical,kiwujil,3777,train
modern,tang_bennett,41192,train
classical,kiwujil,3778,train
modern,tang_bennett,41207,train
classical,kiwujil,3779,train
modern,tang_bennett,41213,train
classical,kiwujil,3780,train
modern,tang_bennett,41215,train
classical,kiwujil,3781,test
modern,tang_bennett,41220,test
classical,kiwujil,3782,train
modern,tang_bennett,41247,train
classical,kiwujil,3783,train
modern,tang_bennett,41269,train
classical,kiwujil,3784,train
modern,tang_bennett,41278,train
classical,kiwujil,3785,train
modern,tang_bennett,41287,train
classical,kiwujil,3786,train
modern,tang_bennett,41311,train
classical,kiwujil,3787,train
modern,tang_bennett,41317,train
classical,kiwujil,3788,train
modern,tang_bennett,41320,train
classical,kiwujil,3789,train
modern,tang_bennett,41321,train
classical,kiwujil,3790,train
modern,tang_bennett,41330,train
classical,kiwujil,3791,train
modern,tang_bennett,41338,train
classical,kiwujil,3792,train
modern,tang_bennett,41355,train
classical,kiwujil,3793,train
modern,tang_bennett,41362,train
classical,kiwujil,3794,train
modern,tang_bennett,41368,train
classical,kiwujil,3795,train
modern,tang_bennett,41369,train
classical,kiwujil,3796,test
modern,tang_bennett,41373,test
classical,kiwujil,3797,train
modern,tang_bennett,41401,train
classical,kiwujil,3798,train
modern,tang_bennett,41417,train
classical,kiwujil,3799,test
modern,tang_bennett,41424,test
classical,kiwujil,3800,train
modern,tang_bennett,41428,train
classical,kiwujil,3801,train
modern,tang_bennett,41430,train
classical,kiwujil,3802,test
modern,tang_bennett,41443,test
classical,kiwujil,3803,test
modern,tang_bennett,41461,test
classical,kiwujil,3804,train
modern,tang_bennett,41514,train
classical,kiwujil,3805,train
modern,tang_bennett,41519,train
classical,kiwujil,3806,train
modern,tang_bennett,41520,train
classical,kiwujil,3807,train
modern,tang_bennett,41524,train
classical,kiwujil,3808,train
modern,tang_bennett,41526,train
classical,kiwujil,3809,train
modern,tang_bennett,41533,train
classical,kiwujil,3810,train
modern,tang_bennett,41545,train
classical,kiwujil,3811,test
modern,tang_bennett,41550,test
classical,kiwujil,3812,train
modern,tang_bennett,41563,train
classical,kiwujil,3813,train
modern,tang_bennett,41565,train
classical,kiwujil,3814,train
modern,tang_bennett,41567,train
classical,kiwujil,3815,test
modern,tang_bennett,41577,test
classical,kiwujil,3816,test
modern,tang_bennett,41584,test
classical,kiwujil,3817,test
modern,tang_bennett,41588,test
classical,kiwujil,3818,test
modern,tang_bennett,41599,test
classical,kiwujil,3819,train
modern,tang_bennett,41606,train
classical,kiwujil,3820,train
modern,tang_bennett,41639,train
classical,kiwujil,3821,train
modern,tang_bennett,41640,train
classical,kiwujil,3822,train
modern,tang_bennett,41642,train
classical,kiwujil,3823,train
modern,tang_bennett,41643,train
classical,kiwujil,3824,train
modern,tang_bennett,41674,train
classical,kiwujil,3825,train
modern,tang_bennett,41679,train
classical,kiwujil,3826,train
modern,tang_bennett,41718,train
classical,kiwujil,3827,train
modern,tang_bennett,41736,train
classical,kiwujil,3828,train
modern,tang_bennett,41743,train
classical,kiwujil,3829,train
modern,tang_bennett,41773,train
classical,kiwujil,3830,train
modern,tang_bennett,41788,train
classical,kiwujil,3831,test
modern,tang_bennett,41791,test
classical,kiwujil,3832,train
modern,tang_bennett,41806,train
classical,kiwujil,3833,train
modern,tang_bennett,41808,train
classical,kiwujil,3834,test
modern,tang_bennett,41815,test
classical,kiwujil,3835,train
modern,tang_bennett,41833,train
classical,kiwujil,3836,train
modern,tang_bennett,41846,train
classical,kiwujil,3837,train
modern,tang_bennett,41847,train
classical,kiwujil,3838,train
modern,tang_bennett,41848,train
classical,kiwujil,3839,train
modern,tang_bennett,41850,train
classical,kiwujil,3840,train
modern,tang_bennett,41856,train
classical,kiwujil,3841,train
modern,tang_bennett,41883,train
classical,kiwujil,3842,train
modern,tang_bennett,41895,train
classical,kiwujil,3843,train
modern,tang_bennett,41900,train
classical,kiwujil,3844,test
modern,tang_bennett,41901,test
classical,kiwujil,3845,train
modern,tang_bennett,41904,train
classical,kiwujil,3846,train
modern,tang_bennett,41919,train
classical,kiwujil,3847,train
modern,tang_bennett,41923,train
classical,kiwujil,3848,train
modern,tang_bennett,41931,train
classical,kiwujil,3849,test
modern,tang_bennett,41936,test
classical,kiwujil,3850,train
modern,tang_bennett,41937,train
classical,kiwujil,3851,test
modern,tang_bennett,41943,test
classical,kiwujil,3852,test
modern,tang_bennett,41944,test
classical,kiwujil,3853,train
modern,tang_bennett,41961,train
classical,kiwujil,3854,test
modern,tang_bennett,41964,test
classical,kiwujil,3855,train
modern,tang_bennett,41970,train
classical,kiwujil,3856,train
modern,tang_bennett,41999,train
classical,kiwujil,3857,train
modern,tang_bennett,42001,train
classical,kiwujil,3858,train
modern,tang_bennett,42013,train
classical,kiwujil,3859,train
modern,tang_bennett,42015,train
classical,kiwujil,3860,train
modern,tang_bennett,42024,train
classical,kiwujil,3861,train
modern,tang_bennett,42029,train
classical,kiwujil,3862,train
modern,tang_bennett,42036,train
classical,kiwujil,3863,train
modern,tang_bennett,42049,train
classical,kiwujil,3864,train
modern,tang_bennett,42066,train
classical,kiwujil,3865,train
modern,tang_bennett,42067,train
classical,kiwujil,3866,train
modern,tang_bennett,42068,train
classical,kiwujil,3867,train
modern,tang_bennett,42082,train
classical,kiwujil,3868,test
modern,tang_bennett,42091,test
classical,kiwujil,3869,test
modern,tang_bennett,42093,test
classical,kiwujil,3870,train
modern,tang_bennett,42097,train
classical,kiwujil,3871,train
modern,tang_bennett,42124,train
classical,kiwujil,3872,train
modern,tang_bennett,42129,train
classical,kiwujil,3873,train
modern,tang_bennett,42135,train
classical,kiwujil,3874,train
modern,tang_bennett,42136,train
classical,kiwujil,3875,train
modern,tang_bennett,42137,train
classical,kiwujil,3876,train
modern,tang_bennett,42143,train
classical,kiwujil,3877,train
modern,tang_bennett,42145,train
classical,kiwujil,3878,train
modern,tang_bennett,42151,train
classical,kiwujil,3879,train
modern,tang_bennett,42153,train
classical,kiwujil,3880,test
modern,tang_bennett,42157,test
classical,kiwujil,3881,train
modern,tang_bennett,42168,train
classical,kiwujil,3882,train
modern,tang_bennett,42171,train
classical,kiwujil,3883,test
modern,tang_bennett,42178,test
classical,kiwujil,3884,test
modern,tang_bennett,42188,test
classical,kiwujil,3885,test
modern,tang_bennett,42193,test
classical,kiwujil,3886,test
modern,tang_bennett,42204,test
classical,kiwujil,3887,train
modern,tang_bennett,42222,train
classical,kiwujil,3888,test
modern,tang_bennett,42236,test
classical,kiwujil,3889,train
modern,tang_bennett,42245,train
classical,kiwujil,3890,train
modern,tang_bennett,42256,train
classical,kiwujil,3891,train
modern,tang_bennett,42272,train
classical,kiwujil,3892,train
modern,tang_bennett,42281,train
classical,kiwujil,3893,train
modern,tang_bennett,42282,train
classical,kiwujil,3894,train
modern,tang_bennett,42289,train
classical,kiwujil,3895,train
modern,tang_bennett,42292,train
classical,kiwujil,3896,train
modern,tang_bennett,42307,train
classical,kiwujil,3897,train
modern,tang_bennett,42310,train
classical,kiwujil,3898,test
modern,tang_bennett,42312,test
classical,kiwujil,3899,test
modern,tang_bennett,42315,test
classical,kiwujil,3900,train
modern,tang_bennett,42317,train
classical,kiwujil,3901,train
modern,tang_bennett,42323,train
classical,kiwujil,3902,train
modern,tang_bennett,42324,train
classical,kiwujil,3903,train
modern,tang_bennett,42354,train
classical,kiwujil,3904,train
modern,tang_bennett,42357,train
classical,kiwujil,3905,train
modern,tang_bennett,42385,train
classical,kiwujil,3906,train
modern,tang_bennett,42435,train
classical,kiwujil,3907,train
modern,tang_bennett,42441,train
classical,kiwujil,3908,test
modern,tang_bennett,42442,test
classical,kiwujil,3909,train
modern,tang_bennett,42445,train
classical,kiwujil,3910,train
modern,tang_bennett,42450,train
classical,kiwujil,3911,train
modern,tang_bennett,42456,train
classical,kiwujil,3912,train
modern,tang_bennett,42458,train
classical,kiwujil,3913,test
modern,tang_bennett,42459,test
classical,kiwujil,3914,train
modern,tang_bennett,42479,train
classical,kiwujil,3915,test
modern,tang_bennett,42486,test
classical,kiwujil,3916,train
modern,tang_bennett,42493,train
classical,kiwujil,3917,train
modern,tang_bennett,42496,train
classical,kiwujil,3918,train
modern,tang_bennett,42507,train
classical,kiwujil,3919,train
modern,tang_bennett,42510,train
classical,kiwujil,3920,train
modern,tang_bennett,42519,train
classical,kiwujil,3921,train
modern,tang_bennett,42526,train
classical,kiwujil,3922,train
modern,tang_bennett,42550,train
classical,kiwujil,3923,train
modern,tang_bennett,42556,train
classical,kiwujil,3924,train
modern,tang_bennett,42572,train
classical,kiwujil,3925,train
modern,tang_bennett,42574,train
classical,kiwujil,3926,train
modern,tang_bennett,42576,train
classical,kiwujil,3927,train
modern,tang_bennett,42603,train
classical,kiwujil,3928,train
modern,tang_bennett,42606,train
classical,kiwujil,3929,test
modern,tang_bennett,42616,test
classical,kiwujil,3930,train
modern,tang_bennett,42628,train
classical,kiwujil,3931,train
modern,tang_bennett,42649,train
classical,kiwujil,3932,train
modern,tang_bennett,42684,train
classical,kiwujil,3933,train
modern,tang_bennett,42730,train
classical,kiwujil,3934,train
modern,tang_bennett,42735,train
classical,kiwujil,3935,train
modern,tang_bennett,42739,train
classical,kiwujil,3936,train
modern,tang_bennett,42744,train
classical,kiwujil,3937,train
modern,tang_bennett,42754,train
classical,kiwujil,3938,test
modern,tang_bennett,42775,test
classical,kiwujil,3939,test
modern,tang_bennett,42783,test
classical,kiwujil,3940,test
modern,tang_bennett,42785,test
classical,kiwujil,3941,train
modern,tang_bennett,42801,train
classical,kiwujil,3942,train
modern,tang_bennett,42807,train
classical,kiwujil,3943,train
modern,tang_bennett,42821,train
classical,kiwujil,3944,train
modern,tang_bennett,42827,train
classical,kiwujil,3945,test
modern,tang_bennett,42831,test
classical,kiwujil,3946,train
modern,tang_bennett,42857,train
classical,kiwujil,3947,train
modern,tang_bennett,42863,train
classical,kiwujil,3948,train
modern,tang_bennett,42865,train
classical,kiwujil,3949,train
modern,tang_bennett,42874,train
classical,kiwujil,3950,train
modern,tang_bennett,42890,train
classical,kiwujil,3951,train
modern,tang_bennett,42892,train
classical,kiwujil,3952,test
modern,tang_bennett,42895,test
classical,kiwujil,3953,test
modern,tang_bennett,42907,test
classical,kiwujil,3954,train
modern,tang_bennett,42908,train
classical,kiwujil,3955,train
modern,tang_bennett,42911,train
classical,kiwujil,3956,train
modern,tang_bennett,42949,train
classical,kiwujil,3957,train
modern,tang_bennett,42951,train
classical,kiwujil,3958,train
modern,tang_bennett,42961,train
classical,kiwujil,3959,train
modern,tang_bennett,42970,train
classical,kiwujil,3960,test
modern,tang_bennett,42971,test
classical,kiwujil,3961,train
modern,tang_bennett,42985,train
classical,kiwujil,3962,train
modern,tang_bennett,42987,train
classical,kiwujil,3963,train
modern,tang_bennett,42994,train
classical,kiwujil,3964,train
modern,tang_bennett,43012,train
classical,kiwujil,3965,train
modern,tang_bennett,43041,train
classical,kiwujil,3966,train
modern,tang_bennett,43046,train
classical,kiwujil,3967,train
modern,tang_bennett,43057,train
classical,kiwujil,3968,train
modern,tang_bennett,43115,train
classical,kiwujil,3969,test
modern,tang_bennett,43132,test
classical,kiwujil,3970,train
modern,tang_bennett,43139,train
classical,kiwujil,3971,test
modern,tang_bennett,43140,test
classical,kiwujil,3972,train
modern,tang_bennett,43166,train
classical,kiwujil,3973,train
modern,tang_bennett,43169,train
classical,kiwujil,3974,train
modern,tang_bennett,43187,train
classical,kiwujil,3975,train
modern,tang_bennett,43201,train
classical,kiwujil,3976,train
modern,tang_bennett,43216,train
classical,kiwujil,3977,train
modern,tang_bennett,43221,train
classical,kiwujil,3978,train
modern,tang_bennett,43241,train
classical,kiwujil,3979,test
modern,tang_bennett,43283,test
classical,kiwujil,3980,train
modern,tang_bennett,43293,train
classical,kiwujil,3981,train
modern,tang_bennett,43298,train
classical,kiwujil,3982,train
modern,tang_bennett,43313,train
classical,kiwujil,3983,train
modern,tang_bennett,43315,train
classical,kiwujil,3984,train
modern,tang_bennett,43325,train
classical,kiwujil,3985,train
modern,tang_bennett,43342,train
classical,kiwujil,3986,test
modern,tang_bennett,43345,test
classical,kiwujil,3987,train
modern,tang_bennett,43351,train
classical,kiwujil,3988,train
modern,tang_bennett,43358,train
classical,kiwujil,3989,train
modern,tang_bennett,43360,train
classical,kiwujil,3990,test
modern,tang_bennett,43362,test
classical,kiwujil,3991,train
modern,tang_bennett,43394,train
classical,kiwujil,3992,train
modern,tang_bennett,43408,train
classical,kiwujil,3993,train
modern,tang_bennett,43409,train
classical,kiwujil,3994,train
modern,tang_bennett,43417,train
classical,kiwujil,3995,train
modern,tang_bennett,43423,train
classical,kiwujil,3996,train
modern,tang_bennett,43432,train
classical,kiwujil,3997,test
modern,tang_bennett,43433,test
classical,kiwujil,3998,train
modern,tang_bennett,43438,train
classical,kiwujil,3999,train
modern,tang_bennett,43445,train
classical,kiwujil,4000,test
modern,tang_bennett,43448,test
classical,kiwujil,4001,train
modern,tang_bennett,43449,train
classical,kiwujil,4002,train
modern,tang_bennett,43460,train
classical,kiwujil,4003,train
modern,tang_bennett,43461,train
classical,kiwujil,4004,test
modern,tang_bennett,43477,test
classical,kiwujil,4005,train
modern,tang_bennett,43491,train
classical,kiwujil,4006,test
modern,tang_bennett,43496,test
classical,kiwujil,4007,train
modern,tang_bennett,43503,train
classical,kiwujil,4008,train
modern,tang_bennett,43506,train
classical,kiwujil,4009,train
modern,tang_bennett,43511,train
classical,kiwujil,4010,train
modern,tang_bennett,43523,train
classical,kiwujil,4011,train
modern,tang_bennett,43529,train
classical,kiwujil,4012,test
modern,tang_bennett,43530,test
classical,kiwujil,4013,train
modern,tang_bennett,43532,train
